CODE,MONTH,NET
AROMA30,2,182275
NONE,2,6454869
20CNY2020,2,56257.25
KPSSTAFF,2,147529.8
VMFEB20,2,1373486.92
KGJ15,2,554115.2
KGNY01,2,721258.11
NFEB9YULD20,2,14980
3DAYS18,2,1381042
KGOY03,2,542802.17
KGSCL02,2,2306742.17
KPVIP3,2,2533486.5
EJ15FEB,2,1258592.04
ELE40FEB,2,293632.5
KGCW04,2,1277812.25
NONE,1,5821461
CNY2020,1,5256367.65
KGSCL02,3,609525.1
NONE,3,1789341
KPSSTAFF,3,755815.8
BSMAR10,3,1079369.85
KGNY01,3,110049.4
TRMAR30,3,552003.7
KGOY03,3,304705.5
KGJ10,3,8137.15
NEWYEAR20,1,1659332.84
XMASNY20,1,1224538.3
KGJ10,1,36891
KPVIP3,1,2608172
NJANDXD5620,1,3545
KGNY01,1,634532.55
NDECAGLQ719,1,4340
KGCW04,1,926310
KGSCL02,1,2802627.75
KGJ15,1,510616.85
NJAN22Q9X20,1,3705
GLN20,1,533042.4
NDECCMQEM19,1,3770
NJANP1FT420,1,6175
NDECL8CTQ19,1,4845
KGOY03,1,670413.6
NJAN16JVM20,1,3615
NJAN7LH9A20,1,3930
SAVESAFE,4,28490685.38
SV,4,121178675.1
NONE,4,9239045.4
NAPRCHWP420,4,2265
NAPRQ7NTW20,4,3090
NAPRU0OQH20,4,1605
ART10FEB,2,9816.1
KGJ10,2,47037.75
CLEAN10,2,480882.4
NFEB24EIX20,2,5590
NFEBTX4P820,2,4680
NFEBPMV9D20,2,3790
KGJ20,2,5726.5
LC2GET30,2,21203
5K20CNY,2,13598
NYHOME20,1,68211.1
NDEC6BHMA19,1,17400
NDECBTDJG19,1,3655
NONE,7,4864449
KPSPECIAL,7,10379045.9
SV,7,34874908.84
CSRO89900194868QJJY,7,3540.89
KGSCL02,7,1237544.6
NFEBPPIF420,2,4320
BESTVD30,2,39921
NFEBKONPV20,2,7180
KGSCL02,4,1545200.75
KPSSTAFF,4,447609.7
SUMMERHOME,4,2754535.69
NPQZQ8Y,4,1580
NPO5DKB,4,1620
SAVE25SAFE,4,720232.61
KGNY01,4,300754.95
SAVESAFE20,4,525040.92
SAVESAFE,5,22707682.28
SV,5,94346182.26
NONE,5,11972148
SV,6,58569011.86
SAVESAFE,6,11745608.64
KPSSTAFF,6,215048.8
SAVE66,6,3167168.39
SAVE25SAFE,6,437959.4
KPOSTAFF,6,32625.9
HMELJUN60,6,738555.25
KPVIP3,6,1359043.6
NONE,6,9567817
KGOY03,6,316260.9
KGSCL02,6,1059585.2
KGVG05,6,5168
KPVIP3,5,1173948.85
KGCW04,5,797588
CNQ03,5,5113.2
KPVIP3,8,2805728.15
NAUG5QVLQF20,8,2265
KGCW04,8,333019.5
KGJ10,8,18745
NONE,8,5503040
BTM20,8,24291.2
NPZ96J6,6,1615
BEARJUN30,6,904946
JANDN50,1,3490
KIDSDAY50,1,37926.2
NJANEZBCE20,1,13310
NDEC7UUB019,1,3512
NJAN4I0SW20,1,7180
NJANDKVZ820,1,4990
ELJAN40,1,552616.4
NJANDSJTY20,1,3536
BESTPR50,1,284835
CLEAN10,1,617243.5
NJANBVTOH20,1,10960
NJAN4M2OC20,1,3990
NJAN9THQI20,1,44900
NFFND30,1,8148
KGJ15,3,114770.05
PC3GET30,3,3625
KPOSTAFF,3,252918.35
KGJ15,4,434735.85
TPLF50,4,285845
KPVIP3,4,515680.4
KGJ10,4,55746.5
NAPRNS2GW20,4,1575
NAPRG50VS20,4,2250
NAPRVJCFL520,4,1235
NAPR4T9YVK20,4,2310
NAPRO9KXP920,4,2025
KGNY01,7,320313.9
77MIDYEAR,7,1357842.2
75DNKP,7,148640
NAPRPNJ5H520,4,1655
NAPRI5FRO20,4,770
NAPRK0FPEJ20,4,665
75DNKP,6,339007.25
KPSSTAFF,1,279854
NJAN15HOI20,1,4680
KPOSTAFF,1,389285
TYDEC50,1,729.5
NJAN3XQ2220,1,3530
NJANCH16520,1,4265
NJANSMP1D20,1,15500
NJANAEV9220,2,5590
KRUSRI20,2,151029.5
KRUSRI20,1,180661.5
NOVEL50,1,505
KPVIP3,3,1895028.75
NFCLS30,3,9646
NMAR8PDZZ20,3,4000
ELEMAR40,3,964036.75
KGNY01,5,383700.95
CSRO89900151923YM5B,5,4740.65
KGSCL02,5,1433274.05
NMAYUBM1N20,5,1155
NMARPD28M20,3,3980
SMMAR15,3,154813.95
JNYBG15,3,171142.1
KGCW04,3,833989
LCCOU01,3,43980
NFCLS50,3,26115
LTC1000,3,9000
CSRO89900081274F7V8,3,430.5
KPVIP3,7,1675414.6
KGOY03,7,219882.4
CSRS899001581501B0T,7,212683.5
CSRS899001581414ZZS,7,212683.5
KGCW04,9,152763.25
KPVIP3,9,531215.3
KPSSTAFF,9,29510
NJUL5ICW2A20,8,810
NMAYC7Z9Q20,6,6360
KGJ15,6,219451.75
NJUNKRKS5F20,6,1160
NJUNJRWC7G20,6,2200
EST315,6,142306.2
KGCW04,6,120045.1
SCBKPQ220,5,216024.5
ONTH1020,8,5140
SV,8,17907573.41
KPSPECIAL,8,7015632.7
KGJ15,8,135653.4
KGSCL02,8,783919.05
NAUGWAKOZR20,8,2430
NAUGUCLK0720,8,7980
KPSSTAFF,8,76971.15
75DNKP,8,59346.75
MOMDAY,8,780989.72
KPSCB20,6,80590
KGNY01,6,400157.9
TPLF50,6,73105.75
NPA8A8C66,6,2815
APR40ELE,4,1964187.6
ETCSUMMER,4,870887.9
X8FD30,4,25096.4
X8FD40,4,18103.8
NMARD4XUO20,3,12990
CSGF9900068798X9D4,1,41400
NPQ8HD6,4,1730
NP5PKJ9,4,1515
KGOY03,4,417716.7
KPOSTAFF,2,118320.6
NFEBPTNZL20,2,3720
KP20BBL20,2,58309.5
NFEBCR5GL20,2,3910
CSRS899000752849YL1,2,851.25
BTM20,2,123578.4
NJAN9VW7620,2,10750
NAPRD601C20,4,820
SAVESAFE20,6,122933.1
NJUN04NQ9920,6,2330
KGJ10,6,16618.5
NJUNWTE3Z320,6,5150
KPJUNKTC,6,81953.5
FSHJUN70,6,494973.25
NJANAZO2420,1,25560
NJANYLZDL20,1,6890
NJANKCXF420,1,4680
NJANTY08Y20,1,4680
NJANWI8ZI20,1,4680
NDECRL80L19,1,7180
TB20KP19,1,70412
NJAN8OE0G20,1,13400
NJANHT59B20,1,6990
NJANWPOBH20,1,6990
NJANWD1X020,1,3580
BYKPF1SM20,1,2290
NJAN7WI8120,1,17070
NJAN8U2O920,1,4060
NJANHYH0I20,1,3995
NJAN8IFOK20,1,4370
NJANZU6EC20,1,3555
NJAN54SI420,1,3580
NJANONTWB20,1,3505
CSRO89900068916X6BT,1,2133
NJANUJM5R20,1,3645
NJAN8327K20,1,3855
NDECQC93O19,1,3530
NDEC4MFEQ19,1,3795
NJANS866S20,1,4350
NJANHM2PK20,1,3505
NJANQ6SRD20,1,5055
NJAN5274720,1,5795
NJANPZWOQ20,1,5290
CSRS89900065072VK89,1,12993.25
CSRS899001873823BK0,7,2675.2
NMAR8JPKV20,3,12400
NMARAVL2N20,3,7180
NJAN1YOO920,2,3535
SECRET300,2,3985
LCCOU01,2,10640
KBXKP20,4,113614.7
NAPR9LYF4U20,4,1750
NAPRSX28AJ20,4,1460
NAPRWCICYK20,4,1750
NAPRLAZHE20,4,1385
EDM1K5IO8N,5,2989.18
EDMNNQSD20,5,1808.8
NMAY5GH0A20,5,1490
EDMVRI5GFI,5,7223.09
SAVE25SAFE,5,508964.85
EDM3V6D7AJ,5,4698.22
EDMUWUG29V,5,3569.15
EDM6FNRG20,5,2270.02
NFCLS50,5,139640
KGOY03,5,308878.45
EDMDXKJQZW,5,1469.65
NMAYJK3Y120,5,1900
NMAYC0OSK20,5,2360
NMAYH6Y3320,5,4380
KBXKP20,5,169375.6
SCB20KP8,8,190
NPLK8VP,4,2090
NAPRGEMW420,4,1160
X8FD50,6,25207.5
X8CLS,6,163210
NPVSKUG66,6,2130
NAPR90QK220,4,2630
NAPR40U52A20,4,1660
NAPR8PW2XO20,4,635
NAPRAK4JM20,4,3380
NAPRJ43G1H20,4,1520
NAPRD1SBTA20,4,1445
NAPRRFQ3VU20,4,1225
NAPR461HDO20,4,3085
DN50APR,4,69785
NJANTPX8P20,2,5995
CSRS899000614411VGN,2,10760.5
CNQ03,2,372689.4
CSRS89900056028TFLP,2,9976
NFEB84TWR20,2,5595
NFEBXSPSN20,2,3785
NFEBBIVMB20,2,5030
10KCNY20,2,25415
NFEBCL9OV20,2,4695
NFEBJVGLH20,2,11710
NFEBNB0ZJ20,2,3760
NFEB01ODC20,2,5935
CSRO899000773368IEH,2,8441.61
GLN20,2,320624.2
NFEB5W9OZ20,2,11220
EL2GET40,2,11596
NFEBL8R6U20,2,4135
NFEBX0AOC20,2,4725
NJUN6UGV5L20,6,3975
KRUNGSRI20,6,22654
KBXKP20,8,127701
SWS3FOR15,8,16709
CSRS89900154102X8JR,8,52048
CSRS899000801422I1E,7,2109.5
NJULAU5XG020,7,4370
KGCW04,7,455957
CSRS89900165159U8WB,7,24951.8
KGNY01,9,145165.5
SV,9,5580374.25
KGSCL02,9,185214.85
NONE,9,2358799
NMAY2LR2I20,6,5480
KPSSTAFF,5,408243.25
NMAY45I9U20,5,8200
NMAYMJU7Y20,5,104560
KGNY01,8,261764.15
NAUG7C5WQX20,8,1645
NAUGN5MSWO20,8,5780
KPCITI20,8,39963
NJULMC98T820,7,865
NJULUYF43Y20,7,9050
BTM20,7,21706.6
99SPCD7,9,481531.78
NSEPWVGR9120,9,2595
BTM20,9,10505.6
NAUG5ZYYY920,8,915
KPSSTAFF,7,481137.05
NJUNBLPBRT20,6,4235
NJULYYTQ5P20,7,990
KGJ15,7,303263.25
NJULPU6VBQ20,7,1150
NJULGCGB6420,7,635
NJULIVB50E20,7,715
CSRO899002110837A0Q,7,2273.5
CNQ01,2,61069
NFEBHA5OV20,2,3580
KPAIS20Q1XAY5,1,4353
NDECG1BV019,1,3520
NJANIXCG320,1,3785
B3GET30,1,1846964.6
NJANKM6LM20,1,10400
NJANMTBPI20,1,17975
NDEC51ILK19,1,4600
NJANFLQWX20,1,3505
KPODS500,1,620
NJANTOLWD20,1,3505
NJAN9F9JJ20,1,8255
NJANAMG4020,1,4220
NJANOK5PB20,1,5765
NAPRUBR4C20,4,2200
NAPREUPLUA20,4,4590
NAPR50IE6620,4,3375
NAPROJZ2V520,4,1190
NAPRAQMCCT20,4,1330
NAPRE9MNDN20,4,885
NAPRJYGLNC20,4,1360
NAPRWCYB5W20,4,600
NAPRMAWQ7920,4,665
NAPR9MV2UP20,4,915
NAPRK0PWN20,4,3310
NAPRO9FZHC20,4,2789
CHOCO20,4,16691
NAPRUD0SQ20,4,3090
SUMMERD20,4,36948.35
NPWMPKC,4,1790
NPZW2QC,4,1546
NP16QPH,4,1520
NPGRLJE,4,1520
NPC3JNP,4,1700
SUMMERPC,4,4298298
CSRO89900082786WER1,4,11513.16
SUMMER20,4,416908.5
NAPRA7T0IT20,4,15800
X8FD30,5,22927
NMAYCA8UF20,5,13215
NMAYF1LK820,5,1885
NMAYYPG1920,5,4010
NMAYR7MC620,5,3510
EDM54FRA20,5,9263.92
EDMYU72RLT,5,2834.32
CSRS8990019325835MR,7,163.87
CSRO89900204310JZIJ,7,147.25
CSRO89900201632HWV3,7,270.94
CSRO89900205010XMVA,7,225.63
NJULGV3ZPR20,7,4650
CSRO89900212553Q1CY,7,808.5
CSRO89900201460V2WS,7,918.46
CSRO89900185077MQ30,6,2800
CSRO89900177804Z5JN,6,1596
NPPP8UI,6,1990
NJANLBPF020,1,5935
HAPPYCNY,1,565959.5
NJAN4O06A20,1,4260
KP20BBL20,1,72187
NJAN4NKLK20,1,5130
DSKP30,1,345
NJAN0IV8620,1,3505
NJAN8WWK720,1,3545
CSRS89900065113Y5V0,1,403
NJANCFFCL20,1,6030
NJANQTA7820,1,4595
NJANFNW1W20,1,3650
KGVG05,1,14025
NDECGH04519,1,3730
CSRS89900058907U1AJ,1,7865
NDECC17UM19,1,3735
NJANLRALV20,1,3885
NJAN59TNS20,1,3860
NJAN27H8S20,1,4625
NJANDRGK720,1,4360
CSRTKGCW04,1,574203
NJANVIR7R20,1,3565
CSRTKGOY03,1,72618.5
NDECSOH7G19,1,5765
NJAN86W8620,1,3690
NJAN26J9B20,1,3635
CSRS899000596924DC1,1,1799
NJANSTQ5A20,1,3800
CSGF89900124777FCBX,6,815
NMAYJNLG720,6,700
NP88MGG,6,1620
NP7OQUM,6,1890
NP0QIAU66,6,2339
NAPR5VJWBB20,4,915
SMFASHION,4,57417
SUMMERH25,4,284941.52
NAPRFU5K2J20,4,4700
NP89HI4,4,1754
NAPRC3H3820,4,7695
NP8DWQE,4,1550
NAPRZSRL920,4,699
NPS55DQ,4,1505
NAPR439RH20,4,697
NPJ34D3,4,1636
NP8R5K0,4,1525
NFCLS50,4,223844
NAPRXDWH920,4,640
NPFS5DY,4,1524
NPCFUHT,4,1895
NPSAAGB,4,1575
NPYGMGO,4,1525
NAPRII6EU20,4,6990
NPO7IWK,4,1660
NAPR65ZXC20,4,5990
NAPRKBRSRM20,4,745
NPU10QQ,4,2545
NAPRPDN5P820,4,895
KPOSTAFF,4,100364
NAPRS7YRO20,4,730
NPB2PYI,4,2445
NPE4KDM,4,1550
NAPRQ4YRS20,4,545
NAPR6RM7IG20,4,900
SIRI1234,4,47586.64
NFCLS30,4,258065
NP10EZU,4,2350
KGCW04,4,797939
NPN5X45,4,1850
NPI3UK7,4,1750
NPBWO6U,4,1990
NPB89OE,4,1760
NFEBDKNNI20,2,3515
NONDT1XFKP,2,2039
NFEBTI45Y20,2,4780
NFEB3DVR320,2,7180
XMASNY20,2,2220
NFEB04Y3D20,2,18100
NFEBAFLW220,2,10980
11SALE11,2,55900
NFEBJCDQM20,2,3780
NFEB9ONT720,2,3630
NJANY2KSE20,1,7690
NDEC0MFA719,1,4680
NJAN8O00E20,1,3980
NJAN59TFL20,1,20870
NJANB0JDD20,1,4080
MARDN50,3,4227.5
NMAR737NR20,3,3790
KGVG05,3,37905
KBXKP20,6,57032
NJULD21XYI20,7,3885
NJUNH143IK20,7,1445
NJULIJ4RD820,7,1690
NJUL997XA020,7,4005
NJULS5X89320,7,1370
NJULLVDHZV20,7,1060
NJAN8K70D20,1,5935
NJANWVZHV20,1,4205
CSRO899000712804E03,1,18667.6
CSRS89900058927VEFF,1,675
5K20CNY,1,8430
NMAR0OOYU20,3,4035
NMARKHUN120,3,3695
BB3GET30,3,668934.5
NFEBZJ0UB20,3,3565
NMARDBC5P20,3,4185
NMARKBFF920,3,9855
NFEBI94DE20,3,3680
CNQ03,3,63144.8
NMAR36AIM20,3,3805
NMAR7QAD520,3,3600
GLN20,3,19291.2
NFEBDEVST20,3,3745
CSRO899001236307Y37,4,19556
NFEB4HG0R20,2,7050
CSRTKGOY03,2,46713
NJAN2TB6H20,2,7270
NFEBH6CHX20,2,3960
NFEBHXW1D20,2,3605
KPAIS20Q1SZC2,2,9972
NFEBDGOYG20,2,3500
SCBKP2UJGXJ20,2,4522
NFEBI9OVG20,2,10690
NFEB4E3QQ20,2,3525
NJANDVSTL20,2,5135
B3GET30,2,11415
NFEBJKQPH20,2,3505
NFEBBYJJQ20,2,3785
NFEBNS42Y20,2,3550
RCMJUN20,6,49548
CSRO899001748378CJN,6,2133.5
NAPRXJJGQD20,4,885
NAPRWBNX3V20,4,1240
NAPR5G331L20,4,28718
NAPRKJOW1B20,4,1360
NMAY7P19B20,5,1800
NMAYUC94M20,5,3295
NMAYD2VI620,5,2780
NMAYYDZUO20,5,1550
SAVESAFE20,5,126626.25
KGJ10,5,22749.7
EDM3SAZ4J9,5,667.5
TPLF50,5,187526.25
NMAYI2PIE20,5,2485
NMAYMA95T20,5,1600
KGJ15,5,344334.55
NMAY73AHU20,5,860
NAPRCXK3720,5,810
75DNKP,5,652677.1
NMAY80UN420,5,1985
NMAYXPZSK20,5,2135
ELEMAR40,5,3310
NMAYBHLZV20,5,1630
NMAYR5Y2Y20,5,1705
NMAYZMA1220,5,1855
NMAYSFC0H20,5,1435
NMAYORJDE20,5,1930
NMAYVN7J420,5,1950
NMAYG5LRH20,5,1950
NMAYZR2J020,5,2135
EDMIEHKI20,5,6694.18
NMAYC4WO020,5,1910
NMAYE56JE20,5,3935
NPGA1FR,6,1515
NMAYMW4PL20,6,14415
RABBIT30,6,20177.8
NP40GMQ,6,1570
NJUNPXN0JB20,6,980
NPTRAM2,6,1540
NJUNRHQ57920,6,6660
NJUNALHE7H20,6,800
NJUNFNRWCB20,6,615
NP94MGP66,6,2110
NMAYUV6VT20,6,4720
CSRO89900173178A8G3,6,4598
NP1S0WF,6,2485
X8FD50,4,73146
NAPRPUHPF20,5,610
NMAYGKQYK20,5,1565
NPCQW2X,5,4620
RABBIT30,5,3881.3
DNFEB50,2,2175
NFEBW5FH020,2,4680
ELEC30AUG,2,22990
NFEB4ON7Y20,2,16900
NJANO81ZF20,1,4680
NJANF03ZS20,1,4680
NJANGUBEG20,1,13400
NJANZQUGG20,1,13400
ART10FEB,3,705
NMARIQHIY20,3,3790
TRASEP50,3,520
SCBKPQ220,3,52078
NMARD6RWS20,3,5990
NMARSCVG720,3,7900
NMAR431TF20,3,4190
NMAR4QM9G20,3,7970
NAPRLAYGTJ20,4,3515
NP8S8XL,4,3000
NAPR3J1V3M20,4,1800
NPPQ34Z,4,1530
NPZWMX4,4,1615
NPDHLG8,4,2399
NAPRFRGBD20,4,700
SUMMER25,4,360979.47
NPPTFJK,4,1640
NP2FQT3,4,1840
NPEMJFF,4,1740
NAPRYEWPS20,4,790
NPIXGEW,4,1599
NAPRPHR83L20,4,5700
NAPRXR49AK20,4,4780
NOVEL50,4,1490
TPLF30,4,2845
NAPRCEXJ020,4,622
NAPRFQ16W20,4,1665
NAPRSV2ML20,4,3570
NAPRVVYRJL20,4,685
LTC1000,4,7000
NAPRE9TDAF20,4,1780
NAPRB6Q45E20,4,2310
NAPRZNBD4C20,4,6039
NAPR2SYW4520,4,20900
NAPRLJLAFV20,4,3120
NPA7LWL,4,1775
NAPRTEVTH820,4,1910
NAPRTWKW9L20,4,655
NAPRIR98E20,4,665
NP2SKX8,4,1500
NPQ81K1,4,1980
NPBYVE1,4,1640
NAPR6DJJN20,4,1000
NAPRZCMV520,4,850
NAPRUPQOEF20,4,850
CNY2020,4,4670
NAPR975ZIW20,4,880
NPY11L0,4,1745
NAPRL8X4T20,4,4225
X8FD30,6,8451.5
NPYEFB0,5,3825
NMAY2FM3J20,5,3115
EDM59S4RU7,5,1120.05
NMAYOT2CV20,5,1600
NJANHK0Y920,1,3770
NJANM644220,1,3905
NDECUYJSX19,1,3820
NJAN10VG120,1,8165
NJAN0UCKW20,1,3930
NJAN85OW820,1,3520
NJAN7O2KT20,1,5245
NJANJQJWJ20,1,7790
NJANJ3VMP20,1,4150
NJANYNH3P20,1,4800
NJANKSFLC20,1,3740
CSRS89900066137B6ZF,1,9699
NDECHD3HE19,1,3990
BYKP5X9Y20,1,2740
BYKPUMK620,1,2300
NJANQ8B5720,1,3710
NJANKM4HL20,1,3590
NJAN1FE6320,1,4445
NJANX6X0X20,1,3515
NDECYQ5MU19,1,4410
NDECX9H9B19,1,4410
NDEC4N9Y719,1,3920
CSRS89900058916F3Y8,1,6312
NJANE18TC20,1,5565
NJAN0UMDV20,1,3570
NJANESB3720,1,4295
NJANRJ63120,1,5075
NDECICOH619,1,3615
NDECHB2YN19,1,3535
NDEC1JRZX19,1,3795
NJAN8M8U120,1,3825
NJANGZPC320,1,3505
CSRT89900067888DNT0,1,4970
NJANR3M9820,1,4425
NJAN3Q2U620,1,4545
NDECAAXH219,1,3585
NJANJ6Q6520,1,3885
NJANBLC6420,1,3750
NDECD9T5Y19,1,11240
NJANQVLNY20,1,7245
NJANI6BJ720,1,3885
NJANQDC6Y20,1,17680
NJANQJJPC20,1,6490
NJANWM2I420,1,11085
NJANG2WPS20,1,3995
NJAN0MXCU20,1,3500
NJANNDEXQ20,1,3790
NJANJ44WI20,1,4225
NJAN7WG2620,1,3985
NJANXD2KP20,1,3775
NJANM44Y520,1,7290
NJAN7Y0OV20,1,44080
NJANV4SAJ20,1,3945
NJANJBCKJ20,1,9200
NJANMUFHI20,1,3790
NJAN8UFCR20,1,4285
NJANS5D7W20,1,5955
NJANYM37K20,1,3565
NJANMLDEU20,1,3765
NJANH2JGK20,1,4800
NJANH90T820,1,5935
NJANJ1RWU20,1,5935
NDECFRMEL19,1,3995
NJANUD1LO20,1,11325
NJANJ4BYM20,1,5395
NJAND6LQ220,1,3750
NJAN68H5C20,1,3820
NJANZP7QK20,1,3950
NJAN8J36220,1,3925
NJANHGFNH20,1,3540
NJAN1IZZX20,1,3810
NJANXAU1H20,1,4410
CSRT89900063898CKPG,1,4350
KPSPECIAL,9,2331937.95
12SP9CD,9,128775.37
75DNKP,9,17478.75
9SPCD13,9,221655.03
HUXLEY,9,94788
99SP8CD,9,271547.35
999SPCD,9,465933.12
TRMAR30,6,1490
NJUNKW4X5J20,6,4310
CSRS899001393004N04,6,1723
NJULW0Y94820,7,2200
KBXKP20,7,210138
NJULKV9WVU20,7,1700
KPSCB20,7,150867
KRUNGSRI20,7,67507
NJULPHI7QA20,7,2600
CSRO89900200820J5VR,7,690
NJULJ60VYB20,7,899
CSRO89900212304J6H7,7,625
KPCITI20,7,141813.5
KPOSTAFF,7,59487.85
NJULILKZV420,7,740
NJULNOZ0AB20,7,900
NJUNCFRDVK20,6,2410
NJUNOJHTG920,6,1480
NPFDFRZ,6,1730
NPO01JD,6,1610
NMAYLXQYY20,6,640
NMARWVN8420,3,4680
XMASNY20,3,360
PCBEAUTY25,3,360
CSRT89900078880XLWW,3,711
NFEBD5Y0920,2,3658
NFEBEHDII20,2,3700
NFEBHK3V220,2,8490
NFEBM31X820,2,8490
NFEBBRI6E20,2,3630
NFEBZLHFA20,2,2090
NFEB169AK20,2,9990
NFEBUXPYF20,2,9990
NFEBBKXMS20,2,6990
NFEBF8F0Z20,2,6990
NFEBILUU920,2,3790
NFFND30,2,15606
NFEB90FQA20,2,7180
ANTIS20,2,6203
NJANPQICW20,2,8599
NFEBE2US220,2,7490
NFEBEQIVH20,2,16850
CSRT89900077296677G,2,4685
NFEBDSTGX20,2,17900
NJANWUZ4G20,1,4990
NJANZOC5C20,1,3510
NJAN0BJJ020,1,11990
NDECX3GNI19,1,6990
NJAN5NK5P20,1,6990
NJAN2QNVK20,1,4688
NJAN70LYP20,1,24678
NJAN1ULHB20,1,3630
NJANJILEJ20,1,13040
NMARDV30N20,3,8110
NMARRRKJ620,3,6085
NMARPKO2E20,3,3504
NMARMOXDT20,3,5640
SMAPR22,3,910
NMARYHRGE20,3,12900
NMAR4MMKH20,3,13400
NMAR9KW3R20,3,12900
NMAR9M5JV20,3,12400
NMARKSPN320,3,7180
NMAR43F9D20,3,5990
ELE40FEB,3,210
NAPR1B49920,4,3090
NAPRTZ9GJ020,4,1235
NPKYWWM,4,2720
NP1BUTN,4,1800
NPDE7RL,4,2990
NP96S1J,4,2990
NJUNHVU7RY20,7,3510
NJULUS70A320,7,1225
NJULT4RZPI20,7,1225
SHOPBACK77,7,5899
NJULOYFOUZ20,7,3510
NJULPKBEIL20,7,1545
NJUL3N9XFR20,7,1295
NJULNSBUPE20,7,1545
NJULMJN0PP20,7,600
NJUL8A9VPY20,7,950
NJULT8WR6O20,7,1410
NJULK7VFQ120,7,1410
NJULF2G7YS20,7,1590
NJUL1SU27Z20,7,1145
NJULNQA59S20,7,2045
NJULWDDKBU20,7,1800
NJULKTJKUV20,7,2569
NJULAEP3EX20,7,1410
NJULGYRYT920,7,1590
NJULQY95T820,7,1890
NJULIZ9KZ220,7,2795
CSRO89900193098JEIX,7,5776
CSRO89900199619IXVA,7,4315.85
CSRO899002128600IWM,7,294.14
NJULEYTWP820,7,1040
NJULOXQDFD20,7,6780
NJULQDB1JN20,7,1680
NJULRV012S20,7,2190
NFEBF6EM020,2,8175
NFEB0GNM120,2,3560
SCBKP2M8J5S20,2,4469
NJAN7YPMC20,2,3825
SECRET400,2,45085
NFEBGH4N420,2,4300
CSRTKGCW04,2,391473.5
NFEB7R2UI20,2,3625
NFEBK9XYX20,2,3530
NFEBLTX2P20,2,4080
CSRS899000780274HY2,2,22998.8
NFEBZ01WI20,2,4245
CSRS89900074899O326,2,7649.5
NFEBMUGYA20,2,4395
NFEBPTXUA20,2,11370
NFEBS53YD20,2,5935
NFEB66MPC20,2,3580
NJANZELPZ20,2,7860
NJANW6ONH20,2,5935
NJANCQM1420,2,7185
NFEB9QDCE20,2,7955
SCBKP28KNCK20,2,8072
NFEBU8FOA20,2,9240
CSRS89900068448WAMN,2,20849.85
SCBKP2AUOVE20,2,6019
NFEBTO34J20,2,4665
CSRS8990007153355XH,2,10852
CSRS89900070595L9X5,2,3507
NFEB35DHC20,2,3535
NFEBBWR3M20,2,12390
NFEBU4OYW20,2,4270
NFEB72HTK20,2,3860
NFEBX795720,2,12870
NFEB8KS1820,2,3575
NJANX3RDH20,1,3925
NJANOTSWK20,1,5865
NJAN297LN20,1,3900
20CNY2020,1,14731.5
CSRS89900071140IQ3N,1,30812.5
CT20KP19,1,1715
NJANKKAP020,1,3825
NJAN6TA8I20,1,4650
NJANE2JJO20,1,3755
NPHIPWP,6,1605
X8FD40,6,8385
NMAYMKUR520,6,2115
NP88U51,6,1870
CSRS89900172498HWAU,6,831.25
NPZXO51,6,5040
NPK3AU1,6,1665
CSRO89900176112G08T,6,6659.67
NPFE7AI,6,1540
NPG4ACV66,6,1310
PICODI662,6,5460.31
NMAYNACH220,6,700
CSRO89900174966OGLF,6,6860.12
NJUNSYTRI320,6,1680
CSRO89900184031KUJ9,6,8025.6
NPJH3QW66,6,2185
NPFBWR466,6,2185
NMAYITDC920,6,625
NJUNCQTPCU20,6,645
NJUNY7NL7M20,6,1105
NPNFWHO66,6,2900
NPR80AH,6,3920
NAPRTGW9DD20,4,4045
NAPRSUZNCC20,4,1160
NP5PANB,4,1530
NPNMSW0,4,2990
NPHH29J,4,1540
RABBIT30,4,20145.1
NAPR7EYTMW20,4,620
NPCIS1H,4,2390
NAPR9XT2B20,4,2320
NPQ6IFV,4,1980
NAPR1ZW2YH20,4,990
NPMI5AC,4,1565
NPTL34A,5,1534
CSRS89900122252HL6U,5,1270.62
SIRI1234,5,57350.58
KRUNGSRI20,5,60659.75
NPUWRUR,5,1555
MAYSAVE,5,647960.45
NMAY0XH3020,5,640
NP7AWVG,5,3610
NPYN9ED,5,1890
NMAYBLGMV20,5,620
NFCLS30,5,113776
NMAYEM74420,5,650
X8FD50,5,33767.5
EDM4L9KD20,5,1122.42
NAUGF76FJ320,8,1620
NPTF9FW,4,4215
NAPRXMCZT20,4,1175
NAPRZTP3NV20,4,850
NAPRXD4P620,4,775
NAPRI1GQI20,4,1015
NAPRDFEOF20,4,2880
NAPRBOO7Y20,4,1160
NAPRB6XC0F20,4,2175
NAPRE17YLI20,4,1055
NAPRDENJ6G20,4,1985
NAPR6BIDU520,4,1160
NAPRX1LRV920,4,885
NAPRGRXHS20,4,1160
NAPRPHLEK20,4,2400
NAPR5EL4UA20,4,1935
NAPRLUJI020,4,1800
NAPRAEBJL20,4,3760
NAPRI2T7N920,4,2155
NAPRH2LCL820,4,1450
NAPRYCDPX20,4,855
NAPR58JZ5S20,4,7375
NAPRYC9M320,4,3090
NAPRZXSOP20,4,3090
NAPRN6C8Y20,4,990
NAPRIM1NH520,4,2620
NJUNYJHZEO20,6,1990
NMAYD245620,6,1180
NPWO39W,6,1660
NPKIDJH,4,1780
NAPR28UAS20,4,1490
TRKP500HM,4,1600
NAPR8KB6420,4,880
NAPR93Z3FT20,4,5275
NPKUF56,4,2775
NP9DQB1,4,1865
NAPR5563J20,4,800
NAPRXH6YW20,4,600
NAPRD0FTXS20,4,1060
NAPRQRTGHF20,4,815
NMAY0LYC320,5,3230
NMAYG2TCZ20,5,2605
NMAY9Y7X120,5,1605
NMAY9ZEAK20,5,2295
NMAYCU7AC20,5,2795
NMAYKOG5Z20,5,2355
LTC1000,5,10074
NMAY80ZLN20,5,1735
AUGTHREE20,5,1910
NMAY3XR8720,5,1405
NMAYJE4CG20,5,2355
PCTOP25,5,4360
NMAYVINDG20,5,1120
NMAYYDSSA20,5,1760
CSRS89900127607QT1P,5,591.37
NMAY6JQVF20,5,2900
HAPPYCNY,5,7980
NAPRCH2BIO20,5,750
KGVG05,5,13656.6
NMAYGGLHI20,5,1380
NMAYQGZ5P20,5,997
NPVLPPV,5,1918
NMAYAVRX020,5,1370
NMAYRGY1E20,5,875
NPOY6X8,5,1513
NMAYIBZ8D20,5,890
NP0ZI56,5,1740
NMAYGYFBB20,5,640
NAPR47C0TZ20,5,675
NMAYXGZVV20,5,665
NMAYWCJ5B20,5,790
NPONFD9,5,2390
CSRS89900101613RLRM,5,20
CSRS89900106182TUK4,5,238.55
CSRS89900105072JE4F,5,238.55
CSRS89900107027E7L5,5,238.54
NPJ49IQ,5,2470
NMAYRFB5U20,5,1259
NMAY4JU7I20,5,2670
NMAYNNM7A20,5,860
NMAYHJC7Q20,5,2733
NMAYDB9TQ20,5,810
NPYWDSF,5,1700
NMAY4FZTV20,5,640
NMAY06ZCK20,5,1035
NMAY5RCA320,5,2640
NMAY1WPC420,5,600
NMAYFYP9F20,5,600
NMAYJ2W1620,5,655
NMAY7NKMW20,5,810
NMAYUKARG20,5,2845
NMAYFK54U20,5,1800
CSRS899000864275Q6F,5,5726
NPN9CJV,5,2900
NMAY5FFUQ20,5,700
NMAY58LER20,5,1290
NMAY4ABV620,5,1290
NMAY7BCNM20,5,3290
NMAYC5ZZQ20,5,6780
NAPRB9RS8T20,5,1290
NMAY7K01K20,5,3390
EDMIJJ6P20,5,4052.94
NMAYULKBM20,5,1290
NMAYXAAXU20,5,1990
X8FD40,5,14072
NMAYV3E3920,5,758
9SPCD11,9,145013.68
10SPCD9,9,307745.24
KGJ15,9,30035.7
PFANDCS,9,61141.4
NSEPH9TM6I20,9,11670
NSEPRQ7D1J20,9,1010
KGOY03,9,84773.25
99HLB45,9,122272.25
ELECT35,9,42109
CSRO89900227631DNY6,9,919
NSEPOIJ0GF20,9,1860
NSEP025MEH20,9,750
KBXKP20,9,31322.75
NSEP0YQ2V920,9,815
NSEPL45FKW20,9,4790
NSEPT7NOTC20,9,790
CSRS8990022151755TZ,9,3146.62
NSEPNM2QTF20,9,2400
NAUGOSD1AM20,9,675
TPLF25,9,3180
CSRO89900221222CIV5,8,340
CHOCOLUV,9,20067.28
KPFOOD,9,4738.5
NAPR9H3NW20,4,805
NAPROW1I320,4,4790
NAPRCVQVW20,4,1370
NAPRY132O20,4,2970
NAPRRMOIS920,4,685
NAPRYDG8C20,4,1110
NAPRC8KJP20,4,13980
NJUNHYGPQD20,6,1290
NPK537Q,6,1630
NJUNYVOROY20,6,810
NP5L8GI,6,2795
NJUNDRDMC120,6,2180
NJUNT6UJS520,6,2880
NJUNBTJT6C20,6,1115
NAPRWX6TY20,4,730
NPTTOHG,4,2205
NAPRKTPUK20,4,8720
NAPRBFAOE20,4,1875
NAPR7EABZ20,4,2140
NAPR2GWAX20,4,2140
NAPR32IC120,4,1250
NAPRZK8QL20,4,3310
NAPRTSNMIC20,4,865
NAPRU0VOXC20,4,5310
NAPRMBJ5FN20,4,6115
NAPRWF5PBD20,4,1025
NAPRDWDR7B20,4,3310
NAPR5ZHT5A20,4,1600
NAPRCQK5P420,4,1700
CMT29KP,4,3565
NPX31O2,4,6515
NAPR79MUT20,4,771
NPKYVTM,4,1506
NPBIPSK,4,1573
NP6IJAL,4,1735
NAPR6GE9F20,4,770
NAPRANIS2Y20,4,5300
NAPRP9CQ020,4,540
NAPR91GHN20,4,540
NAPRD799R20,4,540
EJ15FEB,4,1390
NAPRQ30C120,4,640
NAPRRR2BFP20,4,630
SUMMER,4,133429.4
NPZWQO0,4,1970
NAPR9V81320,4,330
NMAYKQCFV20,5,3780
NMAYZK8KV20,5,4115
NMAY9XJ8Z20,5,2840
NMAYITSOP20,5,4335
NMAYYK0GM20,5,3195
NAPRXKUNU120,5,2510
NMAY6OV0420,5,1470
NMAYLZGTV20,5,1435
NMAYJSL3E20,5,3100
APR40ELE,5,4555
3DAYS18,5,1060
NMAYDZZMZ20,5,730
SCARLET10,5,465
NP6PF2Y,5,2485
KTC5KP20,5,41037
NMAYFR3FO20,5,1630
NFEBSDJ8720,2,6455
NJANGSZJ920,1,6990
NJAN31IIS20,1,3520
NJANXCOKW20,1,3815
NFEBAH3HW20,2,3670
10KCNY20,1,7832
NMARMDE0M20,3,7990
NMAR86JEQ20,3,3700
NJANPWXQV20,1,8490
NMAYK448R20,5,2205
NMAYYX1ET20,5,2875
NMAYEPV2820,5,3510
EDM7L3EYPP,5,1328.34
NMAYK734020,5,600
NMAYN2ZA720,5,2200
NMAYG60UQ20,5,990
NMAY3CURM20,5,890
NMAYVKD5220,5,2280
NMAYO72JQ20,5,1385
NMAY5542U20,5,1435
NMAYME51T20,5,920
NMAYORIH920,5,1660
NMAYAZM7U20,5,1850
NMAYXESOR20,5,1675
NMAYUCXM520,5,1585
NMAYV6UL420,5,5760
NMAYTDPVU20,5,1385
NMAYEX03R20,5,1950
NMAYGZWH020,5,2515
NMAY5NMER20,5,1950
NMAYATFR720,5,2325
EDMU5NSI5S,5,1273.95
NMAYA9FG820,5,860
NPIAHGG,5,1500
NMAYRJZC720,5,720
NJULBPJNSO20,7,1945
NJULJWQSLU20,7,2525
CSRS89900189605LHIX,7,1344
CSRS89900190808JQP2,7,1375.6
NJUL75MR5A20,7,1760
NJUL74H74R20,7,6860
NJULLQV7E420,7,1550
NJULZ8ZWJM20,7,2200
NJUL9N8PAU20,7,3870
NJULWBTYBR20,7,644
NJULQJGYQQ20,7,935
NJULT2VOMG20,7,1110
CSRS89900196787IS7Y,7,852.86
NJUL3IKCGQ20,7,2320
NJULR520IM20,7,7900
NJULD29WIQ20,7,245
NJULGRC93520,7,1400
NJULZST4JR20,7,8260
SAVESAFE,7,17425
NJULJACKRA20,7,1090
NJULHC12XO20,7,1190
NJUL4MJG6E20,7,2100
NJULG47PHY20,7,1450
NJULVHBRSZ20,7,990
TPLF50,7,44974.75
NJULUM9TTN20,7,630
NJULCSCBS520,7,1280
NJULM84JY120,7,735
NJULZOQKVY20,7,675
NJULMU858420,7,3790
NJULLI9NN420,7,2090
NJULFXUAGX20,7,800
NJUL98PJ8520,7,2190
CSRO89900211459K0WE,7,840.74
CSRS8990019597945GM,7,961.88
LTCRC30,7,35565
NJULDTBVM820,7,799
NJULY7BM1Y20,7,675
CSRO89900202844A257,7,0
NDECYYE5B19,1,7230
NJAN6V79R20,1,3620
NJAN6M69K20,1,5470
NJAN99HHX20,1,3620
NJANTONH620,1,4650
NJANH8HMC20,1,3590
NJAN6BEQE20,1,8685
NDEC060RM19,1,4030
NDECLQO1G19,1,3555
NJANZ7VAQ20,1,3885
CSRT89900070651JTU7,1,4160
NJAN6O9X920,1,3590
NJANBKC6820,1,3885
NJANB7ZWD20,1,3885
NJANLBBDJ20,1,3775
NJAN42U6U20,1,3800
NJAN2S6GN20,1,16385
NJANXE0ND20,1,3925
NJANUQP1B20,1,3550
NJAN1VI2I20,1,3615
NJANODYIO20,1,4085
CSRS89900065560CMGI,1,10432
NJANZ0PGM20,1,17030
NJAN77KH320,1,6920
NJANFZT9820,1,6770
CSRT89900073568SAAN,1,4170
NDECK0A1Q19,1,5935
NJANO8A8220,1,10390
NJANPTVUY20,1,8745
NJAN4TU0P20,1,4070
NDECBZO6019,1,5700
CSRS89900072017NAN0,1,4776
NDECWUU3319,1,3510
NDECIHSNM19,1,4520
NJANW3M5520,1,4520
CSRS89900072123HWYX,1,6310.4
NJAN4T1R020,1,12870
NJANG9QLS20,1,3530
NJANCLUH220,1,4535
NMAROONWO20,3,5670
CSRTKGOY03,3,53792
NMARLASFT20,3,3740
CSRS89900080976HXYN,3,2248
NFEB84RK520,3,4220
NFEB4KE5020,3,3645
NMARXS5SV20,3,3810
NMAR8F4MZ20,3,3510
NMARBZB8I20,3,6295
KP20BBL20,3,16815.5
BOBSB20,3,14342.4
CSRTKGCW04,3,39782.75
NJANESSRL20,2,9130
NFEB28EOB20,2,3795
NFEBTN4AK20,2,5505
NFEBX48O420,2,4325
NFEBXS6UZ20,2,3990
NFEBTZX1R20,2,10875
CSRS8990006863280I0,2,17231
NFEBVU11Q20,2,3710
NJANJQOXW20,2,3545
NJANWK92620,2,3520
NFEBXBAP020,2,3635
NJAN2N3H420,2,3850
NFEBRPWZL20,2,3985
NFEB84WPD20,2,5025
CSRS899000711691XJW,2,3125.5
NJANLFLQS20,2,4590
NFEB4BLKE20,2,4510
NFEBQRKQD20,2,4060
NJAN1O2JL20,2,3620
NFEBI88IZ20,2,3920
SCBKP2HFUPF20,2,19356
NFEBW7UU420,2,11405
NFEBPY32320,2,3880
NFEBJC7RN20,2,3965
NFEB58I7120,2,3805
NFEBN554K20,2,3740
NFEBJGA9020,2,8670
NFEB68RIT20,2,3855
NFEBXZSF620,2,3820
NFEBJLCEI20,2,4140
NFEBCEDBF20,2,5680
NFEBGEF8120,2,5550
NFEBXHLUH20,2,4300
NFEBNPNG220,2,3520
NJANQEFNZ20,2,16065
NFEBA5F7020,2,3740
NFEBLOKSB20,2,3760
NFEB892XF20,2,4255
NFEBHB0W520,2,3800
NFEBFHDXY20,2,3690
NFEBHJQHS20,2,4385
NFEBURE9W20,2,3665
NFEBDWI1420,2,4025
NFEBOLZQ220,2,30235
NFEBBA1WR20,2,4485
SCBKP2981GY20,2,7040
NFEBEAY6420,2,5935
NFEBOCTY020,2,5935
NFEB2ODK020,2,5935
NFEBPT02720,2,4350
NFEB93DXP20,2,5935
NFEBETCZ820,2,5935
NFEBYC1QP20,2,5935
NFEBRTF1320,2,5935
NFEBF4DFZ20,2,19865
NFEBS577L20,2,5935
NFEBDO8RZ20,2,5955
NFEBXDPJC20,2,5935
NFEBE51UZ20,2,5935
NFEBEO0AM20,2,5935
NFEBZTS9P20,2,5935
SCBKP2O1GPY20,2,9420
NFEBU0Y4H20,2,4665
CSRS89900077541IIO4,2,5935
NFEB5XC8120,2,9430
NFEBBBKGP20,2,12270
NJANMILNC20,2,3550
NFEB9BG1W20,2,3955
NFEBVIBYV20,2,3805
NFEBRS7FM20,2,6450
NFEBIBS7420,2,7010
NFEBAZ2VH20,2,3560
NFEBFDU7C20,2,4915
CSRS89900072032FJDQ,2,2453.5
NFEB8NYNJ20,2,4970
SCBKP2RH67T20,2,4616
CSRS89900061751Y8RW,2,1588
NFEBLVCXQ20,2,5520
NFEBNX0Z520,2,4655
NFEBSJDDT20,2,4235
NFEB2VOLP20,2,7395
NFEBR8FUD20,2,9140
SCARLET10,3,210
NMARS8PAV20,3,7990
NMAR2KO4P20,3,3923
NMARJEDAS20,3,4655
NMARW36IV20,3,3550
KRUNGSRI20,3,34419
B3GET30,3,1285
ANTIS20,3,15176.75
NMAROA5UK20,3,5990
NMARRCPZB20,3,3970
NMARMJ5RA20,3,6990
NMAR6AHRR20,3,23900
MOMGET30,3,1780
NMARS879K20,3,5050
11ETC30,3,360
NMARYRLJ120,3,3940
NJANJDGTL20,3,34950
NFEBJD63E20,2,6725
NFEBQ5JDS20,2,6585
NFEB3B9XT20,2,3670
NFEBQEX1R20,2,6990
NMARLUQV420,3,5540
NFEB1FTI220,2,3555
NFEB0CC3Y20,2,3970
NJANS98OO20,1,11900
NJAN09R9D20,1,10660
NJAN88BAM20,1,5490
NJANT6S3Y20,1,10655
NJANHVWZ720,1,4370
NMARTQUJD20,3,4370
NJANQCKWF20,2,4040
NJANQ0RDX20,2,4085
NFEBV1GR220,2,3610
NFEBKTQO820,2,7350
NFEBLNT5120,2,3790
NJAN818B820,2,3965
NFEB6SS0220,2,3690
NFEBZWW6P20,2,3620
NFEB4VCN020,2,15175
NFEBBVRKP20,2,5935
NFEBR25FT20,2,5935
NJANNVA0Z20,2,1720
NFEB92NAY20,2,3960
CNQ02,2,1894.4
NJANR3XJH20,1,5520
NJANG0G0020,1,4390
CSRS89900060864P727,1,2560
NJAN4EWNB20,1,3735
NJAN711QL20,1,3790
NJAN1N4MW20,1,3970
NJAN0H59020,1,7790
NJANJ9U6K20,1,4535
NMARJWMI120,3,3590
NMARU15PM20,3,3900
CSRS89900079485TZ3G,3,20800
NMARMN81N20,3,3760
BESTPR50,2,12680
NJANFW0G620,2,3625
NFEBI7VCM20,2,4805
NJANEU7P420,2,5330
NFEB2WP5U20,2,3900
CSRS89900071013RLRK,2,8859
CSRS89900072393N431,2,24913.8
CSRS899000755921TJ9,2,1467.5
CSRS89900073307MULO,2,6776
NJAN5PLYK20,2,3670
NJAN6IYQU20,2,5905
NJANJW86E20,2,6815
NJANE731E20,2,4200
NFEB73IRS20,2,11585
CSRS89900075425P5AA,2,3960
NAPRQP8AB20,4,2290
CSRT89900090367CICD,6,3850
NPYNX5T,5,1505
NMAYGYQL820,5,630
NMAY6FMEX20,5,630
NMAYK7TIL20,5,1650
NMAYBI7MQ20,5,7960
NMAY5QNBN20,5,3200
EDMCNUYSPB,5,967
CSRO89900156174AM33,5,663
EDMQZ1WPMH,5,1122.42
EDMENV2I20,5,6118
EDM3FTKW20,5,7262.75
EDMSSOD9WG,5,2551.7
VMFEB20,5,2000
NMAY3VA4120,5,1645
EDMRME8D92,5,7735.85
EDMQKVLB5K,5,3280.11
EDM47BK620,5,4279.28
EDM40YB074,5,3038.34
EDMGFDRNG8,5,1905.7
KPOSTAFF,5,104444.75
NMAYRK9DR20,5,1600
NMAYPXHSE20,5,987
SUMMERPC,5,3465
EDMURJZB20,5,8100.18
EDM4L6OX20,5,5882.4
NMAY6O7TA20,5,2820
NMAY0ZIVR20,5,2765
NMAYHF6XB20,5,1385
NMAYNI1XF20,5,3355
ETCSUMMER,5,9700
NMAYZ4J6V20,5,765
NMAY9MYCX20,5,1019
NP7NL33,5,1694
NAPR9K1HD20,5,663
CSRS89900105706JRP8,5,1352.88
NMAYNN0KP20,5,1055
NMAY6V7YG20,5,1165
NPZZ18B,5,2580
CSRS899001075575Q0D,5,264.2
CSRS89900107450889N,5,264.19
NMAYUQ4GS20,5,3140
CSRS89900128118GD2G,5,12397.5
NP82GYM,5,1695
NAPRMDIZV20,5,1015
NMAY9IPM820,5,1575
NMAYK6DAO20,5,815
NMAY3E23220,5,2985
NP3ESOS,5,1695
NAPRF8KDR20,5,618
NMAYFW63A20,5,750
NMAYRL8Y820,5,1920
NPT1IW1,4,1689
NPWO27E,4,2460
NP7J77O,4,1565
NPGAP7U,4,2750
NPDYPGP,4,1500
NAPRKY7I920,4,645
NP0ITN2,4,1955
NPC18Z3,4,1910
NAPRNCS5Y20,4,1105
NAPRT40JW20,4,800
NAPRP12LK20,4,3320
NAPRQFPAX20,4,1430
NAPRND06C20,4,1235
NAPR0ETA020,4,1235
NAPR2N1DW20,4,1235
NAPRK2II620,4,1750
NAPRZ1LGP20,4,2310
NAPRZIMA1M20,4,1235
NAPR8BKDI20,4,1185
NAPR3S54U20,4,1405
NAPR7QHS9A20,4,1235
NAPRXK9R3320,4,1750
NP048NB,4,2100
NPNT7V0,4,1820
NP7QDF2,4,2750
NAPRXHLYBQ20,4,625
NAPR7VYVDH20,4,600
NP0NF92,4,2594
NPOI83K,4,1800
NPO6NCP,4,1990
NAPRWD0T520,4,1380
NAPRFMPD020,4,655
NPIONSH,4,1990
NPJ20PP,4,1735
NAPR7ZE07020,4,4490
NP98GQB,4,1590
NAPR0S96GR20,4,685
NAPRUWDHT20,4,4490
NPNWV44,4,2990
NAPRJD7M5X20,4,630
NAPR2XYT720,4,665
NP85J0W,4,1505
NAPRB3MLYM20,4,970
NAPRJ3T1TT20,4,3335
NAPRAXBXQ20,4,1425
NAPRR0CWNU20,4,6650
NPWTO3N,4,2064
NAPR99LBTF20,4,696
NPA5RNA,4,1505
NAPR8V2H0G20,4,698
NAPRJ1O4PZ20,4,750
NPN4YDJ,4,2225
NPMFT00,4,1600
NPT3ZSG,4,1500
NAPRP0LI620,4,609
NPHEJWX,4,1550
NAPRQY0YM20,4,650
NAPR140AOI20,4,12900
SCBKPQ220,4,61893
NPUHCC6,4,1595
NAPR6JVCPI20,4,2290
KRUNGSRI20,4,50029
NAPRGPME6820,4,17900
NAPRYRMT1G20,4,2290
NAPRPOJRFS20,4,2290
NAPRPRWHL20,4,4790
NAPR486NE20,4,625
NPH78NK,4,2000
CSRS89900084382MHW2,4,2520
NPC424F,4,1530
NAPRJLT0I20,4,2210
NAPRBYX5O20,4,895
JUNELE40,4,570
NAPRWT2XB20,4,640
NAPR9NDCSR20,4,1175
NPXKL0A,4,1570
NAPR1ZATS20,4,655
NAPR9ATTR20,4,1290
NAPR73J0G20,4,1670
NAPRFQ0QWK20,4,1790
NAPR7S8ZZN20,4,990
NPHL150,4,2890
NPJQHVS,4,1510
NPTR3ZG,4,1579
NAPR0AFCRE20,4,1428
NP3DPOG,4,1525
NPBU79O,4,2195
NAPR9EP6J20,4,655
NAPRDN85PU20,4,600
NPV1ZFF,4,2320
NAPRH1W8220,4,810
NAPR5EZHY20,4,1670
NAPR1PI6S20,4,695
NAPR67HW820,4,695
NAPR9H0Z320,4,810
NAPR0N0RM20,4,810
NAPRW3O2U20,4,850
NAPRK3Q3EE20,4,2545
NAPRLYEY520,4,810
NAPROBIKEY20,4,810
NAPROHKWGD20,4,2945
NAPRNF4JP720,4,1165
NAPREC0IES20,4,850
NAPRTWWSK20,4,695
NAPR0UWPPS20,4,1165
NAPRWCLWB220,4,1245
NAPR1TK3IA20,4,10200
NAPRX7ZL1D20,4,810
NAPREPDTSB20,4,1015
NAPRJ8RNDS20,4,4555
NAPRTZRWBO20,4,1665
NAPR9QV2K120,4,1800
NAPRV8V6O820,4,850
NAPRZGSHFB20,4,850
NAPRFWXPIQ20,4,2810
NAPRVY2PJS20,4,1050
NAPRTS270620,4,1575
NAPR772FQ20,4,775
NAPR42JPX20,4,805
NAPR43T6G20,4,775
NAPRC91P720,4,775
NAPRZ7OD320,4,775
NAPRYRWP520,4,775
NAPRHJ06920,4,775
NAPR8FSXB20,4,775
NAPRQ1JHQ20,4,775
NAPRI7ZFB20,4,775
NAPRLBLCF20,4,775
NAPRB3JLF20,4,775
NAPRYJC2320,4,775
NAPR5BMGG20,4,600
NAPR6V0IDK20,4,600
NAPRZ5IP2O20,4,980
NPINZ6G,4,1790
NAPRBQRBG20,4,1800
NAPR9KNA420,4,1800
NAPRWUCAA20,4,1920
NPPBYCL,4,1500
NAPRCYXL320,4,675
NPO7SVZ,4,2250
NPVNRTM,4,1505
NPJWNRE,4,1860
NPJGJX4,4,1523
NPNE97S,4,1580
NAPR5FHO520,4,1022
NP0RZF0,4,1749
NAPR35YKHB20,4,2390
NPUF6Q9,4,1500
NP2JQJ3,4,1501
NPMGIFO,4,1610
NAPR61A71B20,4,820
KGJ20,4,355.5
NPYG0WO,4,1509
NPOOICO,4,1575
NPIDCD8,4,1545
NPTIQME,4,1539
NP5KDKE,4,4990
NPS429J,4,1540
NAPRMNCTI20,4,1095
NPU98FX,4,1605
NPFXXXS,4,1540
NP8BF3D,4,1750
NPG1VRC,4,1520
ELEMAR40,4,890
CSRO899000994651973,4,52447.12
NPWIIQN,4,2950
NAPR3JKCBP20,4,5890
NAPR4CSJJH20,4,690
NPGU2IN,4,1980
NAPRCG62TX20,4,850
NAPR2SCMGA20,4,660
NPEVCVJ,4,1500
DSKP30,4,540
TRMAR30,4,540
GLN20,4,705
XMASNY20,4,360
NAPR5DE3P20,4,2640
SEASON50,4,1240
NAPRQ35OPP20,4,1310
NAPRVE5J920,4,1640
NPFTSNL,4,1748
NAPRCUQ1T420,4,7082
NAPR0O8QJ20,4,2098
NAPRGQ41EL20,4,690
NAPRRRRKUA20,4,670
NAPRO2RJVB20,4,700
NAPR731BS520,4,600
NAPRX11XAO20,4,990
NP0EVZQ,5,1545
CSRT89900148249C1LN,5,910
CSRO899001150601OUY,5,628.14
NPB36AH,5,2075
NPAV3WB,5,2680
NMAYHO3UQ20,5,1600
NMAY6EYZR20,5,3875
NMAYCP7D220,5,2325
NMAYXIHOB20,5,1180
NMAYNPIOI20,5,900
NAPRJWK1YC20,5,4040
EDMYSQMC20,5,19050.35
EDM61FJW20,5,5168
EDMXQZB020,5,2907
NMAYISK5920,5,1295
NAPR86V8A20,5,600
NMAYTP8O520,5,950
NMAY7FNVI20,5,3180
NMAYBFLUX20,5,850
EDM6YTMT20,5,442
NMAYS5SQU20,5,1520
NPYJJ2W,5,1700
NMAY9DK4720,5,630
NAUGZGR03F20,8,630
NJULD171TS20,8,750
NAUGLYS1OE20,8,600
NAUGS3TPD320,8,4750
NAUGH4SX6R20,8,1895
NAUGMQREEX20,8,1260
NAUGQI5Q5G20,8,1785
CSGF899001061457KOH,8,540
KGOY03,8,127285.55
NAUGWB4YQG20,8,950
NAUG5JLWNK20,8,1590
NAUG70KGH620,8,12815
NAUGMNI13720,8,2000
WKENDSP,8,28992.85
NAUGF05G0C20,8,1645
NAUG6P2KFH20,8,1645
NAUGZFK2AJ20,8,1295
KPSCB20,8,20152
NAUGUFX21G20,8,1295
NAUGRN7AK320,8,1545
NAUGFAEMFB20,8,1745
NAUGK9A9R920,8,4490
NAUG4C4CY420,8,1995
NAUG9I1XNA20,8,3490
NAUGAJE9X520,8,945
NAUGV0U0LQ20,8,1495
NAUGA556PT20,8,1090
NAUG2BD2LM20,8,1795
NAUGMJZ9N020,8,1390
NAUG5JFSVV20,8,990
NAUGUWEVMP20,8,2190
NAUG6ASRY920,8,2240
NAUG23SN0U20,8,4130
TPLF25,8,4093
CSRO89900215698SZSD,8,1526.25
NAUGBLITA320,8,1955
NAUGHUFLJ020,8,2320
NAUGZPMF2Y20,8,1705
NAUG95ZDOY20,8,2380
77MIDYEAR,8,2700
NAUGSRWN6E20,8,1705
NAUGIZ3VOR20,8,1650
NAUGGDKNJJ20,8,2310
NAUGXPF87R20,8,1505
NAUG0XYVJP20,8,1425
CSRO899002180398ALW,8,477.37
NAUGU5UG9F20,8,4330
NAUGFKNMUC20,8,3070
NAUGK5BIJ620,8,1990
NFEB357Q820,8,1420
NAUG77HDN620,8,900
NAUGXFQRYY20,8,655
KPOSTAFF,8,11816.25
NAUGTH43D920,8,905
NAUGFF59DY20,8,675
NAUG0GNPPC20,8,760
NJULMQMYEP20,8,2320
NAUG69YNFD20,8,2390
NAUG6LXE7V20,8,25900
NAUG83GTPI20,8,1990
NAUG58XREM20,8,790
NAUG48U2P520,8,1075
JSM10,8,22234.5
NAUGLRJ2N620,8,3895
NAUGLHPUIP20,8,1060
NAUGH1MFKD20,8,1060
NJUL5LC9GN20,8,760
NAUG5R1TZ220,8,820
NAUGL5538N20,8,1180
NAUG12CTA720,8,51590
NAUG17N1HA20,8,18990
NAUGV468PC20,8,9700
NAUGPOZNBI20,8,1190
NAUGSYAPOH20,8,2090
TPLF50,8,5450
SUMMERHOME,8,500
NAUGXVBONY20,8,2230
NAUG3Y1W1H20,8,4750
NAUGJZVGZC20,8,635
NAUGRKU73L20,8,1390
NAUGXPN3IC20,8,1190
NAUG5ZHGRK20,8,1210
NAUGT8F06W20,8,1190
NAUG5NEV5F20,8,800
NAUG2C7P6M20,8,800
NAUGB5RGMR20,8,1100
NAUGT5CKQD20,8,600
NAUG2IXNW420,8,690
LTCRC30,8,6355
NAUGJ28D1920,8,1160
NAUGP7PQ9420,8,799
CSRS89900205359YETH,8,17960
NAUG9IJKYS20,8,1140
NAUGO1G6M120,8,780
NAUG5RWRH320,8,1390
CSRO89900226862CQF1,8,658.11
NAUGCOTM0520,8,1910
CSRO8990021498445PA,8,258.88
NAUGGM3N6A20,8,2300
KRUNGSRI20,8,78757.5
NAUGBESK7C20,8,2200
NAUG3QF0F620,8,3850
NAUG9Q9VYI20,8,880
WEEKEND,8,34489.25
NAUGWXXNJR20,8,6790
NAUGKAXD5820,8,1390
SAVESAFE,8,6465
CSRO89900221743OUAA,8,3.31
CSRO89900225717AN5K,8,646
NAUGCNEPVX20,8,1380
CSRO899002267912MYE,8,785.41
CSRO899001843678ZLX,7,14977.88
NJULCP5L8R20,7,1295
BSMAR10,7,1680
NJULX5PRFQ20,7,2320
NJULUGD7U320,7,1400
CSRO89900211327BC8L,7,852.64
NJUNQY3NQ920,6,2180
NJUNSSMQU620,6,2360
NJUN3CMD5M20,6,3700
NJUNYFNE8E20,6,3510
NJUNFO5YB120,6,1645
NJUNUO6A0U20,6,3510
NJUNXIU6HH20,6,1600
NJUNWBHZCO20,6,2800
NJUNB9L2C120,6,4100
NPSTQGR66,6,2034
NJUN0IXSTV20,6,1070
NPDQNJ0,6,10030
NJUNOY7DRW20,6,1949
SEASON50,6,200
NJUNQPUFL120,6,4140
NJUNXE5FAT20,6,7600
CSRO89900177982KQQU,6,7937
NJUNFLEG7L20,6,3030
CSRO8990016097366OQ,6,2307.02
NJUN0F5CI120,6,2790
NJUNHT0N9320,6,1385
NJUNZJOAC420,6,3570
NJUNNLG74320,6,1950
NJUNURIOKZ20,6,1385
NJUN9EKQQR20,6,1435
NJUNIQXJRJ20,6,1950
NMAYJYH0620,6,1015
NJUNNLDSMZ20,6,515
NJUNZ6EKF820,6,2500
NJUN3NLI0N20,6,1610
NJUN9RWP3U20,6,1200
NJUNYA0A7G20,6,15000
NJUNGD5G5E20,6,1480
NJUNKITR9S20,6,2410
NPBKOSQ,6,1500
NMAYBA2NR20,6,654
NPIFHIX,6,1595
NPWY54N,6,1580
NJUNPF64BQ20,6,748
NJUNLV52T120,6,2060
NJUNAQJRRQ20,6,3590
NJUNJV7I1720,6,1230
CSRT89900177545RUCQ,6,1640
NJUNSMWRQS20,6,600
CSRO89900175529AR6T,6,1096
NPYIKQ366,6,2210
NPV0XU066,6,2900
NPFUP9K,6,3920
NJUNYZK3P420,6,1800
NJUNV7BFID20,6,1800
NJUNH567E720,6,1490
NJUNPMDLZJ20,6,990
CSRO899001756814OK4,6,942.4
NJUN05ANTW20,6,1800
NP3BG69,6,1700
CSRS89900174254GZQ3,6,2450
NPYQL3666,6,2100
NJUNS2YYUQ20,6,880
NJUN99LQUS20,6,910
NPEPM6Z66,6,2460
NJUN463SKP20,6,630
NJUNXN5JTI20,6,600
NJUNUUIV0S20,6,850
NJUNOO009V20,6,715
NAPRJ3T1TT20,5,2190
NP1T125,5,1900
NPSSVTX,5,2160
NMAY9580R20,5,1290
NAPRGK130420,5,960
NMAY3IHT620,5,3650
NMAYW8KA420,5,960
NMAYDSRA220,5,2400
NMAYK4B1020,5,1400
NMAYDJRQ720,5,1745
NMAYZHFMR20,5,980
NMAYNPTVX20,5,1085
NPV14EQ,4,1770
NAPREO7FXD20,4,1740
NPB9Q50,4,905
NPVHV4K,4,1520
NPNZQ2V,4,1540
NAPR0S58D20,4,620
NPKBMIB,4,1979
NPCUZ51,4,1660
NAPRPDI2J20,4,550
NAPRILSGZB919,4,545
NPUCG0K,4,1990
NPV4LA7,4,1524
NPWW6P2,4,3000
CSRO899000869053SX6,4,4089.6
CSRO89900107215C2YI,4,5987.5
NPK93D4,4,3490
NAPRDL7MTS20,4,630
NAPRWCDV920,4,1990
NAPRG0EBS20,4,790
CSRO899001098815LQ7,4,10000.29
NMAY5MYT120,5,630
CNY2020,5,6780
NMAYEGT9220,5,1170
NMAYSK3NI20,5,1094
NPOIZMD,5,2160
NPUSNO4,5,1550
NFEBBSXW120,2,55900
NFEBJH1LA20,2,11900
NFEB4BOFR20,2,55900
NFEBQHC1620,2,20999
NFEBMRNR820,2,19900
NFEBO1V7J20,2,39590
NFEBNG0UT20,2,4680
NFEBRZ1HR20,2,5990
NFEBU3ALO20,2,31600
NFEB4AAYN20,2,3790
NFEBH3GXR20,2,13200
NFEBHHD7O20,2,8110
NDECGAX1Y19,1,5165
NSEPTIJAO719,1,3430
NJANDYQ5H20,1,6390
NJANY4NMM20,1,17500
NJAN8P3YP20,1,6390
NJANZNMOD20,1,6390
NJAN3TQKP20,1,55820
NJANL4BBS20,1,6890
NJAN8HJ8220,1,19999
NJANBRPW420,1,6890
NJANSPOPH20,1,7180
NJANFAE0Y20,1,4680
NJANLL05M20,1,4680
NJANMVQ2C20,1,7180
NJANEEWBR20,1,4990
NJANDGMQR20,1,8490
NJANWD58U20,1,12960
NJANRIV4920,1,7290
NJAN9IXG520,1,6490
NJANA7GNJ20,1,12400
NJANGZS8V20,1,3500
NJANI2DLQ20,1,3665
CSRO899000684453ZUG,1,5440
NJAN9AIBR20,1,3770
NMARJ5AOD20,3,13740
NMAREN1M820,3,4990
2SEPAROPC,3,210
NMAROR2VK20,3,7180
NMAR0JRJW20,3,7180
NMARACVVF20,3,13500
NMARZH39S20,3,15900
NMAR9RPDO20,3,12900
NMARKBGHS20,3,5080
NFEBQHBOZ20,2,3675
NJANUVFV420,2,3515
NPJOFYD,4,1650
NPJ9IL2,4,1510
NPA37O0,4,1555
CSRO89900116467RU1U,4,3262.42
NPT01N4,4,1550
NAPRG0R1K20,4,695
NAPRC5FMK20,4,1215
NAPR7XNPPD20,4,2545
NAPR6YOQNB20,4,1510
NAPRFIXSGO20,4,1165
NAPRADE0QY20,4,3160
NAPRFEQC120,4,775
NAPRH92A020,4,775
NAPRP1H9L20,4,680
NAPRPPVABA20,4,615
NOCTATAR118,4,170
NAPRJJ4EVW20,4,3900
NAPR2COCS20,4,1160
NAPRAIWLD20,4,3015
NAPRATUHX20,4,2200
NAPRB62J120,4,2200
NAPRSY25G20,4,2665
NAPR0WYJP20,4,1285
NAPR7YQSO520,4,915
NAPRGNVRIT20,4,1485
NAPR60F7BB20,4,3510
NAPREEN0WO20,4,4025
NAPRUPDZFJ20,4,2955
NAPRRLIUID20,4,3305
NAPR257RS020,4,790
NAPRVH18V620,4,770
NAPRWKQY7T20,4,1570
NAPRVFPKAM20,4,1350
NAPR3R0XDO20,4,860
NAPRJ87XUA20,4,2200
NAPRTGFM3W20,4,2535
NAPRE4115I20,4,1775
NAPRD01Y2P20,4,6840
NAPRU0MWZ620,4,1115
NJAN1LI8820,1,3840
NJANGEGIA20,1,8215
NJANM8K8H20,1,4635
NJANQ7MTY20,1,11830
NJANC1VEF20,1,4340
NJANKTMUN20,1,4100
NJAN001AI20,1,3560
NJAN06VBN20,1,54920
NDEC5CWD419,1,5690
NJANFVQW320,1,6765
NJANKE87S20,1,5115
NJANQ5XBM20,1,3570
NJANDOR8T20,1,3690
NJAN7VS7Z20,1,3515
NJANNG70W20,1,3650
NDECL95NE19,1,3620
NJANLWFTG20,1,3620
NJANN44XT20,1,7325
NJAN9CD6320,1,3500
NJANF92AR20,1,5695
NDEC6STQB19,1,5765
NJANUGI3W20,1,6955
NJANFOGI920,1,3685
NJANJIU7U20,1,4100
NJAN01DZW20,1,3780
NJANEJFH320,1,4645
NJANNIMOV20,1,3710
NJANVN13C20,1,3620
NJANHG87320,1,4660
NJANV2FOZ20,1,3870
NJANWZMCC20,1,4690
NJAN72JK620,1,3800
NJANRJ64620,1,4200
NJANF5P8J20,1,4585
NJANING2620,1,4695
NJANHM07P20,1,3990
NJANUOEYP20,1,4645
NJAN69XPC20,1,4670
NJANJC9WP20,1,10090
CSRS899000721021TTA,1,32173.2
NJANHRPUB20,1,6070
NJAN3GDY220,1,3590
NJANRZYLY20,1,3590
NDEC8OTH519,1,4110
NDEC2DMBP19,1,6150
NJANOP08120,1,5100
NJAN13T1O20,1,6985
KPAIS20Q18DSD,1,5045
NJANPVMZF20,1,5935
NJANC0RL020,1,16115
NJANYY6OJ20,1,4010
NJAN37R1A20,1,5940
CSRS89900049717FNK2,1,1095
NJANZA5BG20,1,3940
CSRS89900064766NN0M,1,6440
NJANRAKJW20,1,17110
NJAN6DHGR20,1,12250
NJANWVKIN20,1,4500
NJANAUHI020,1,5305
NJAN6V2UN20,1,4865
NJAN0PSEA20,1,3900
NJAN600XL20,1,4280
NJANLP5CK20,1,4855
CSRS89900072215IPMH,1,7112
NJANNMAAG20,1,16265
NJANL9YIP20,1,4030
NJANL5OJ920,1,19990
NDECJN9KZ19,1,6700
CSRS89900058655YPZ9,1,16940
NJANA2N2420,1,4540
NJANRKODX20,1,4890
NJAN16TDY20,1,16115
NJANJ6MNG20,1,4370
KGJ20,3,27200.5
NMARJ8FYF20,3,5995
NMAR4NSB620,3,3805
NMAR2CCKR20,3,5440
NMAR3ZEHM20,3,3560
BTM20,3,13390
CSRS89900074983BY4W,3,3283.12
NFEBSE2G320,3,4585
NMAR8EPIB20,3,5020
CSRT8990007975869GR,3,4320
NMAR78CRJ20,3,11125
CSRS89900076048OWSY,3,10784.4
NMAR4AFNQ20,3,7760
NMAR7IBUY20,3,3880
NMARERACA20,3,13745
NFEB1VRE120,3,3975
NMARCVNEC20,3,6575
NMARLGMP120,3,4290
NMARN20U020,3,6960
NMAR9V8UU20,3,4300
CNQ01,3,6476.8
NAPR1IPSP20,4,14240
CSRS89900084346URB1,5,19512.9
NMAYF4FIA20,5,615
NAPREWBDI20,4,6420
NAPR9FAZN20,4,2140
NAPRC267H20,4,2140
NAPR3D8QJ20,4,3310
NAPR2WI8UN20,4,8350
NAPRO7EJEP20,4,13510
NAPRZWUT8120,4,1450
NAPRBWXAFW20,4,1445
NAPRV40I120,4,1450
NAPRTKPGXK20,4,1130
NAPRYKZ7VC20,4,3220
NAPRQYQWF320,4,8820
NAPRLGCE1R20,4,2470
NAPR84BRZB20,4,1450
NAPRXINTR820,4,3310
NAPRG629PF20,4,7100
NAPRF40VCL20,4,865
NAPRAI2O7320,4,1250
NAPRIVN7RW20,4,1250
NAPRRSR3D520,4,1445
NAPRCOZN0E20,4,35800
NAPRF5CZJB20,4,1600
NAPRBYFMGF20,4,3310
NAPRRNSVKD20,4,3685
NAPR2B4IKN20,4,4380
NAPRZFQLXR20,4,7850
NAPRU9JSE20,4,4510
NAPRBKSGXN20,4,4200
NAPRKOIGI820,4,2375
NAPRBO86QV20,4,8450
NAPRH2F9R20,4,1800
NPNBX9Y,4,1530
NP5D732,4,1800
NAPR8ZOTL20,4,745
NP320XG,4,1740
NPDKWW7,4,1620
PFOCT30,4,659
NAPR4261LT20,4,779
NAPRP7W3C120,4,754
NAPRETJ1RJ20,4,757
NAPRF2Z5220,4,675
NAPR1DJ54O20,4,690
NAPRJO4PCS20,4,640
NAPRQN7AY20,4,690
NAPRFG0Y120,4,2559
NPPUTQU,4,1540
NPYSC4U,4,1555
NAPR2F3RB20,4,14390
NAPRLT2M620,4,7110
NAPR8R6IX20,4,640
NAPR6LC8H20,4,2320
NAPRIKMNL20,4,970
NP5623J,4,1610
NAPRRNKWR20,4,11895
NPZSGEB,4,1500
NAPR760JH20,4,980
NPCWGRW,4,1535
NPYV64Z,4,1570
NAPRR2IL820,4,1390
NAPRO4680D20,4,2665
NAPRZSMKE20,4,645
NPD9NIG,4,2335
NPAOARA,4,1755
NMAYJMKLB20,5,525
NAPR4BYLKB20,5,1610
NMAYYTBG020,5,1620
NMAYSFTJY20,5,1880
NMAYBC0CG20,5,5450
NAPR4Z3BR320,5,3135
NMAYR92VL20,5,4600
NMAY44JP520,5,1175
NPENEXU,5,1530
NP4LHYW,5,1510
NPEEQHC,5,1598
NMAY7REOW20,5,969
NMAYSWE6V20,5,720
NMAYHKIGL20,5,2824
NPV6RMG,5,1520
NMAYLUYOJ20,5,2490
NPWC8QJ,5,2390
CSRS899001059030HAV,5,251.1
NMAYYE2B720,5,3590
NMAYOTBOW20,5,1110
NMAYF1TYO20,5,620
NMAYCL25N20,5,635
NAPRAZVE720,5,5525
NPG2C4R,5,1540
NMAY3GJJ220,5,595
NMAY1S5LC20,5,14190
NMAYU8BNQ20,5,1290
NMAYR53KE20,5,790
NMAYIOEXO20,5,1590
NMAYUDNP120,5,2410
NMAYJFJAA20,5,1135
EDMXGBJN20,5,2729.35
NMAY8MUZN20,5,690
NMAYYGUKA20,5,670
NMAY24ZQC20,5,820
NMAYKU9LH20,5,1050
NJUL6JK7O420,8,3045
NAUGWGUIFR20,8,1250
SAVE66,8,4120
NAUGZ752YG20,8,4750
NAUGNB9YCH20,8,2480
NAUGIQHXYN20,8,990
NAUGKF2LVG20,8,1825
NAUGVD0DBZ20,8,1650
NAUGUQKPGA20,8,1550
NAUGWW6J1S20,8,1295
NAUGEMYF5Z20,8,1745
NAUG09OAB220,8,1495
NAUGEP8PYF20,8,2045
NAUG0IQI7820,8,3495
NAUGLBUIM020,8,2915
NAUG549RFX20,8,5700
NAUG6BICX820,8,5700
NAUG393L2R20,8,890
NAUGKOKHEC20,8,895
NAUG9SI4SB20,8,2840
NAUGVXONXX20,8,2625
NAUG3B14C320,8,1585
NAUGNKXEE520,8,2870
NAUGZP71NK20,8,1735
NAUGKOCBOO20,8,2400
NAUGFLHSLZ20,8,6200
NAUG24TGBK20,8,1890
NAUGUM5ROB20,8,1990
NAUGTVG2IK20,8,655
NAUGNVSOSI20,8,684
NAUG0HPYOA20,8,1330
NAUG23MJE720,8,8900
NAUGGLTUHA20,8,4090
NAUG4MC2FU20,8,7980
SAVE66,7,1740
CSRO89900228603YMOS,9,345
CSRO89900229065MHNR,9,597.55
NSEP4PQWTQ20,9,3555
NSEPPAHBI920,9,3810
KPCITI20,9,17814.25
NSEPZ0ZMJY20,9,2385
LLLON30,9,6685
CSRS89900211387YWMJ,9,1197
NSEPFKL3AV20,9,690
CSRS89900231530GGGF,9,1795.5
CSRO89900228653COR8,9,872.1
NJUL2DMVY720,7,900
KPOSTAFF,9,612
CSRO89900227219WZFS,9,20.5
NPS56GR,6,1605
NJUNTW79XM20,6,830
NPVS8FZ,6,4040
NJUN8TK1ES20,6,1025
NMAYXG5KO20,6,1060
NJUNYT00DO20,6,3115
NJUNEAC0W620,6,1135
NMAY3UD9E20,6,1060
NJUNCJV9YT20,6,4670
CSRO89900173895IOJ2,6,943.5
NJUNSUO5PN20,6,815
DSKP30,6,3510
NJUNUKXR5A20,6,3510
NJUNFCLYU320,6,3510
NJUNI2MA9A20,6,4010
NJUNOT0FWE20,6,3510
NJUNT62E5D20,6,3510
NJUNO8Q4YQ20,6,3295
NJUL7ZQTJ920,7,1000
NJULTOTCLH20,7,2750
NJULB5AGH020,7,2840
CSRO8990020549846PI,7,2712.65
NJULMV9AFY20,7,690
CSRS89900055699PWX1,7,1575
NJUL3HK1QV20,7,2200
NJUL9LHPK520,7,650
NJULFMANU520,7,750
NJUL5BLQEW20,7,690
NJULGEO3P420,7,680
NJULK7E5JO20,7,1820
NJUL0YXMVK20,7,699
NJUL3J8XSB20,7,695
NJULBDY25920,7,1040
NJULDLQQQY20,7,7560
NSEPO70UN18,7,1530
CSRO89900211640TFUP,7,1717.25
NJULBKG1F620,7,2795
NJULAH2PCW20,7,1360
NJULF82PZW20,7,1220
NJUL9C887S20,7,790
NJUL5GVQKV20,7,990
NJUL5X06JD20,7,900
NSEP4N3JBG20,9,1260
NSEPSUM8DT20,9,4750
NSEPV1H7KU20,9,2090
NSEP2OAVM820,9,1280
NSEPXYA8WC20,9,2265
KPSCB20,9,7492.5
CSRO899002325231CL7,9,2000.95
CSRO899002306385RAM,9,1395.5
CSRO899002312906U4V,9,2267
NSEPS3AAS220,9,5110
NSEPVF83GP20,9,1210
NSEP9GMETK20,9,1800
NSEP6KMIE020,9,580
NSEPURRRDN20,9,970
CSRO89900229444LHVI,9,799.43
NSEPWOTCLX20,9,650
NSEP9ACXIX20,9,3000
NSEPEY6UZK20,9,5940
NSEPRZTHS920,9,1610
MOMDAY15,9,4250
NSEPLBN9ZZ20,9,930
NSEP097SUL20,9,1295
NSEPLQONT620,9,1150
NAUG5UKI6920,9,610
NSEPKM5F1D20,9,4090
NSEP02VJ8Q20,9,8180
NSEP1749JO20,9,815
NSEPM9DQ4020,9,790
NSEPQ6QMZC20,9,8990
NSEPVTR99520,9,5250
CSRS89900227858FDTW,9,1372.75
NAUGZJKULS20,9,700
NSEP92LZO720,9,699
LTCRC30,9,7280
RNS612,9,3300
NSEP7RSMRF20,9,725
NAUGC4CYX18,9,1080
CSRO8990022893971AV,9,2177.5
NAUGNRG2EJ20,8,880
NJULHPFU2120,7,800
NJULSWLKL920,7,3540
NJUL77SX0P20,7,2050
NSEP7L6FYV20,9,635
NAPR3NVADR20,4,1840
NAPRYO9MQ020,4,645
NAPRHUNJ020,4,2690
NAPRYMEQL20,4,3320
NAPROA5GU20,4,1235
NAPR1BX4420,4,11170
NAPR0UITL20,4,1975
NAPR8LUNBK20,4,1985
NAPRERM4JL20,4,1355
NAPR1LPJV020,4,2270
NAPRJQM74220,4,3230
NAPRPOJIZT20,4,1355
NAPRRGDIOQ20,4,2025
NAPRUMX4WJ20,4,720
NAPR9SRPR720,4,4030
NPO5EAT,6,1990
NJUNWXDHMG20,6,2030
NMAYRZ1FP20,5,1120
NPCNKI3,5,1860
SUMTAPP5,5,6390
EDMT2YHNXO,5,10193.98
CSGF89900124200SD55,5,415
EDMIYB6YRL,5,1328.34
NMAYH7MGG20,5,1539
NMAYAZ68020,5,2610
KRUSRI20,5,3230
NMAY9D03D20,5,2320
NMAYU9IF720,5,745
NPFFSFG,5,1520
NAPRVUPOKW20,5,695
NAPRNA9UHT20,5,725
NPCCAHL,5,525
NPZHO3R,5,2085
EDM4EVO720,5,786.25
NPPNA56,5,1585
NAUGN7FO5X20,8,915
NAUG7X4V8V20,8,1050
CSRO89900215224IO5P,8,322
NJUL79F1KN20,7,1970
NJULLLMDIS20,7,2390
CSRO89900188161OGQM,7,256.5
CSRO899002055536IKR,7,729.6
CSRO89900229483DZJI,9,1562.46
CSRO89900229172OGXI,9,5032.75
CSRO899002275165T8R,9,826.5
CSRO899002289749MPC,9,20.68
NSEPVG1IDU20,9,940
NJANVOZEE20,2,3540
NFEB7X1W520,2,3940
NFEBCVQQH20,2,4170
NFEB7GHFT20,2,4870
KPAIS20Q13KIF,2,7836
NFEB3011420,2,3885
CSRS899000763689AEM,2,1446.5
NFEBD7UQA20,2,3940
NFEBOVIPJ20,2,5935
SCBKP2IKDQB20,2,6935
NFEBJ8TAH20,2,5935
NFEBSQMQA20,2,3845
NFEBOFZXW20,2,7550
NFEBA5CKV20,2,5935
NFEB8BOCK20,2,4240
NFEB3XRO920,2,4260
NFEBW1SD920,2,5935
NFEBC600O20,2,5935
NJANOPE3120,2,4885
NJANKJN7920,2,7550
NFEBFD67L20,2,5935
NFEBASEWW20,2,5935
NFEBL3C8K20,2,4890
NFEBVUDCB20,2,5935
NFEBDCMHV20,2,3800
KPAIS20Q1ZPXM,1,4080
KGJ20,1,3408
NJANT1BYR20,1,3525
BYKP76U420,1,7345
NJANLVNT320,1,5280
NJANVR66820,1,4300
NJAN9N7UD20,1,4585
NDECO0PC619,1,3605
NJANA3XF520,1,3740
NDECTM5LS19,1,5935
NJANVKGJA20,1,3810
NJANLB64L20,1,5935
NMAR5EGLF20,3,3670
NMAR1Z61U20,3,5775
NMARNCPNC20,3,3590
NFEB8Z3W920,3,3690
NFEBBN5HW20,3,4365
CSRS89900077300OLS2,3,3620
NFEBSZZDS20,3,3815
NMARDD44S20,3,3590
CSRS899000783052X01,3,3685
CSRS89900080982WUGW,3,976
CSRS899000752812PF3,3,5749.5
NMARO3XCN20,3,5935
CSRS89900080478ENIZ,3,4980
NFEBVO5ZW20,2,4620
NFEB784XH20,2,5930
NJANJ4GS620,2,3935
NJAN9YYZW20,2,6950
NFEBBE7CD20,2,3520
NFEBN5LS520,2,4845
NFEBQQE8220,2,4120
NFEBEY2PM20,2,3735
SCBKP2Y16GH20,2,6336
SECRET200,2,1270
CSRS89900074110ES98,2,257
CSRS89900063137OCDP,2,1563.9
NFEBZELSY20,2,4620
NFEBV6DFN20,2,7480
NFEBZANVI20,2,3795
NFEBKLB8I20,2,8400
NFEB53JV020,2,5555
NFEBOBQ4A20,2,4405
NJANDEE7Y20,2,7325
NJANUAOQR20,2,3655
NFEB17EHB20,2,3790
NFEB4NG9D20,2,4015
NFEBRJD4X20,2,3645
NFEBHXK5J20,2,5570
NFEBKE6PR20,2,3915
NFEBX0TC520,2,9340
NFEBNXNJP20,2,3895
NFEBUXFOX20,2,4020
NJANSWD3S20,2,5935
NFEB42FY620,2,5935
NFEB1XL5Q20,2,5940
NFEB5POQJ20,2,4815
NFEB2V8R620,2,5935
NFEB5G5B020,2,5225
NFEBXNJ6X20,2,8845
NJANEXC7F20,2,5935
NFEBTYMW820,2,5935
NFEB3HFBJ20,2,5935
NJAN7IGFK20,2,5935
NSEPTE3WAW19,2,1260
NFEB87FXH20,2,4890
NFEBWVRQS20,2,5935
NFEBV502I20,2,4015
NFEB2Q6FU20,2,3765
NFEBXF0BW20,2,4015
NFEBDFLCS20,2,3580
NFEBFT0GT20,2,6130
CSRS89900062986QLWM,2,5308.8
NDECVNVB419,1,1265
NJANQHX7L20,1,6090
NJANE0PKT20,1,10800
NJANUCZEQ20,1,3570
CSRO89900070625UJAS,1,3120.3
NJANEZAZA20,1,5275
NJANUCLGT20,1,1575
NDECEC1C119,1,4300
NJANRQ9W320,1,10830
NJAN3MX6A20,1,3605
NJANHJ97B20,1,4300
NJANL7RBL20,1,3650
NJANKZQ9H20,1,4695
NJAN0984320,1,4135
NJAN09CX220,1,4160
NJANOLLEJ20,1,4415
NJAN4K69720,1,3575
NJANR8UER20,1,4800
NJANHR2XB20,1,12370
NJANTNCEU20,1,14725
NJANWWXM320,1,5935
NJANU8SFR20,1,5100
NJANG8ERT20,1,6880
NJANRZNX620,1,4520
NMARKRRVH20,3,8360
CSRS8990008096999GN,3,1480
NMAR7NN9620,3,4105
NMARMWOVB20,3,4535
NMARMRDH220,3,4860
CSRS89900074696IQW2,3,6295
NFEBO21X420,3,7490
CSRS899000748128EMM,3,6620
NFEBFT0GT20,3,4645
NMARI29B020,3,5935
NMAR9E09V20,3,4310
SHI2UTM10,3,7095.6
NMAROFKCK20,3,5220
NAPR8G0Y3220,5,980
NMAYK1JEW20,5,2400
NPVXIDZ,5,1800
NMAY5XCXI20,5,790
EDMC6LFX0H,5,3953.19
NP7WW6N,5,1520
NPI26ZU,5,3390
NMAYR9KLD20,5,925
NMAY2K1XY20,5,1210
EDMOGSOR20,5,1421.2
CSRO89900158088RK21,5,68500.46
CSRS89900106998Q4SM,5,10960.75
SAVE25SAFE,8,1025
NMAYMNK3C20,8,3485
NAUGOYNYQZ20,8,1800
NAUG7VHX4C20,8,1645
NAUGE3UWFL20,8,1495
NAUGH3B00I20,8,2790
NAUGWDX6RM20,8,2395
BEARJUN30,8,2750
NAUGWZ1SCR20,8,2500
WEEKSP,8,9170
CSRS899002082934KKK,8,3344
CSRO89900216975VKFJ,8,300.67
CSRO89900216769W9M8,8,341.75
CSRO89900219394VSZZ,8,1316.23
NAPR326MJ20,5,3355
NAPRCUI5G20,5,675
NMAY8S9ON20,5,800
NPM2YS2,5,5490
NPJ46RW,5,3000
NMAYJVH5M20,5,1800
NPFOLTU,5,3000
NMAYSVDRW20,5,1530
NAPRUQ0YLZ20,5,960
NMAY73USC20,5,1415
NMAY6GCRZ20,5,740
NMAYMPW5K20,5,2340
NMAY3VLPW20,5,1840
NAPRI7Y50B20,5,685
NAUG1JVBJQ20,8,13500
NAUG7HZIKA20,8,1190
NAUGJLYLRZ20,8,1390
CSRS89900223803G1L9,8,2311
NAUGZJZZPU20,8,650
NAUGZRAMNZ20,8,1100
NAUGJ8I58N20,8,640
NAUG11LYQH20,8,620
NJULWUPXFY20,7,1685
NJUL466DPQ20,7,5160
NJULZ5MFK220,7,5510
NJULDTUH6G20,7,1090
NJULVV567I20,7,1545
NJULUJ5AE220,7,1590
CSRO89900204713SOSO,7,1545
NJULRSQPFO20,7,2190
NJULH3Z3HK20,7,2295
NJUL56C2DP20,7,1295
NJUNT56L2620,7,1995
NJULPIHR1S20,7,1410
NJULRI9D6Q20,7,620
NJULV7XHSC20,7,1090
NJULGDS8WY20,7,1645
NJUL05IJ0O20,7,1680
NJUL528ZRF20,7,2400
CSRO899001971115S8S,7,1014.75
NJUL9AE5HD20,7,3260
NJULJHCFX820,7,2500
NJULT753F220,7,4690
NJULEEH9U420,7,1480
NJULJJJNI520,7,820
NJULKIT2PX20,7,619
NJULWMMI6V20,7,1390
NJULQBC9SW20,7,2320
NJULZXWFUP20,7,900
NJULAP92RJ20,7,2290
NJULUS9YLC20,7,11350
NJUL1FGTLJ20,7,990
NJULH0XDSJ20,7,780
NJUL0KZKHI20,7,658
NJULFIEDBW20,7,1590
NJULGF2CKB20,7,1580
NJUL3HX88020,7,1050
CSRS89900196747KOAD,7,634.12
NJULIAZTZS20,7,1220
NJUL23OEBJ20,7,800
CSRO89900228890HT7H,9,410
CSRO89900228941SJJ5,9,1513
NSEP26UI4Y20,9,2225
NSEPVIEN2Z20,9,1645
NSEPCPLVWS20,9,2690
NSEP0PB4H320,9,1400
NSEPK5SERP20,9,2470
NSEPTTRIIL20,9,2060
NSEP93UKHZ20,9,2690
KGJ10,9,620
CNY2020,9,3420
NSEP705RQ720,9,1720
NP6Q25N66,6,2185
NP6HPCO,6,2500
NJUNJBPOXV20,6,710
NMAYORXU020,5,1580
CSRS89900107382OBAI,5,238.54
NAUGNDGK4J20,8,2480
NAPR7B0CN20,4,14300
NPYDTLO,4,1950
NAPRN5QEE920,4,600
NP0SK1P,4,1655
NFFND30,4,2890
NPDDQUX,4,1690
NPL88W0,4,1695
NPMWXXE,4,1730
NPGUFVH,4,1610
NAPR8SQD5O20,4,2985
NAPRC4OANC20,4,608
NPG8VIP,4,2150
NPZFM2S,4,1600
NP34K60,4,3990
NPZTAUB,4,2990
NPB34YW,4,1990
NPUQ6O1,4,2990
NPES7C9,4,2990
NAPRVULEO20,4,1645
NP1UO7H,4,1595
NAPR9NVDZ20,4,795
NPMHL3E,4,1790
NAPRTZ2RV20,4,1390
NAPRI1YJ820,4,3350
NAPR75QOO20,4,790
NAPR8NTXYR20,4,750
NPEFYOW,4,1790
NPZ53TF,4,7990
NPZT5XZ,4,1835
NP0D13P,4,1530
NPDP8M2,4,1670
NAPR7S4XL20,4,850
NAPRZGGUH20,4,850
NAPR4XB0O20,4,1315
NAPRFT4TY20,4,695
NAPR9Z4Q3X20,4,1655
NAPRMAC1X20,4,810
NAPRY4TRN20,4,810
NAPRYDDVIE20,4,1165
NAPR6RHJ520,4,920
NAPR7I0N0J20,4,1365
NAPRNYQB920,4,775
NAPRJU0NS20,4,775
NAPRF0CTO20,4,775
NAPRO4DJ120,4,775
NAPRJJ7PB20,4,680
NAPRVM3VK520,4,3515
NAPRCHOL2P20,4,4920
NAPR6LB4LW20,4,7980
NAPRDUT1220,4,1800
NAPRQJCTH20,4,3515
NPP3MM9,4,2715
NAPR3SI9Z20,4,3015
NAPRCX89P20,4,1160
NAPR5HW9620,4,2200
NAPR3YDIM20,4,2200
NAPRVOQ0B20,4,815
NAPR7UBIM20,4,815
NAPR7R00120,4,1160
NAPRV776I20,4,1160
NAPRT7GOB20,4,1160
NAPR45PNQ20,4,970
NAPRMAPF520,4,2200
NAPR3MP6520,4,2200
NAPRGRWVR20,4,2200
NAPROO14Y20,4,2200
NAPRMXB2K20,4,2200
NMAR9G2L020,4,3740
NAPRW9FDG20,4,2245
NAPR624EB20,4,1160
NAPREX0K320,4,600
NAPRZEO8Z20,4,820
NAPRWWZIZ20,4,885
NAPRKCDAU20,4,1660
NAPRZSZVW20,4,4590
NAPRR5CT920,4,820
NAPR8B4S1N20,4,820
NAPRIATU4B20,4,935
NAPRQAHZ3920,4,2400
NAPRAY4N2F20,4,3015
NAPRE59AJ020,4,790
NAPRH8TDP20,4,1160
NAPR98123Q20,4,1330
NAPRWAMU6Z20,4,1625
NAPRKASPQE20,4,930
NAPRZNI27B20,4,915
NAPRC8UIEX20,4,1930
NAPRU6K09K20,4,3720
NAPRAFN8PN20,4,4590
NAPRWMVG5A20,4,815
NAPRUP3ZMQ20,4,1675
NAPRA4AKYV20,4,615
NAPR8IQC4620,4,915
NAPRDK5NGK20,4,915
NAPRER5W820,4,1570
NAPRGJ0RJ920,4,2200
NAPRH60VV20,4,2465
NAPRIKJDTM20,4,1660
JNMAR15,4,2194
NAPRG0QSWL20,4,815
NAPRWATM8J20,4,990
NAPRUJMTT220,4,790
NAPR3J5YZC20,4,1160
NAPR70K6OF20,4,1160
NAPR2P8IUR20,4,1160
NAPRV1DGUT20,4,1215
NAPRPHMPPZ20,4,680
NAPREHJND520,4,790
NAPRW8W1T320,4,915
NAPR20XHJL20,4,885
NAPRVR6H7P20,4,5585
NAPRAMQ4WN20,4,1160
NAPRT8SBOT20,4,1160
NAPRQH4T9320,4,890
PCBEAUTY25,4,2345
NAPRG0WXU20,4,2375
NAPR7FWBNN20,4,860
NAPRLTCNY220,4,915
NAPRE0TH3K20,4,915
NAPROFYW7E20,4,915
NAPRGHR43020,4,915
NAPRXUOUDZ20,4,2200
NAPRKROG8F20,4,885
NAPROLOYT120,4,1285
NAPR3X0FTK20,4,4305
NAPRZUHZ2V20,4,4590
NAPR0Q2V3920,4,620
NAPROU12CL20,4,1360
NAPR3LGJJ820,4,1160
NAPRTTA19420,4,1160
NAPRA3MPY120,4,1240
NAPRVCO17420,4,760
NAPRGEELHM20,4,760
NAPR23BRAG20,4,2605
NAPRQ8NII920,4,1825
NAPRDF78XL20,4,3440
NAPRP7FOAD20,4,1360
NAPRBUNGQV20,4,1115
NAPRMQHWO520,4,1900
NAPRPLYPQ820,4,5240
NAPRF75PZ120,4,4790
NAPRH79POA20,4,2025
NAPRPWU22I20,4,620
NAPRBKS26D20,4,620
NAPR8DQR8W20,4,3275
NAPR5UY07X20,4,1555
NAPRNHXDV920,4,1360
NAPR0OM5HD20,4,4790
NJULH6YTIM20,7,1170
NJULMCQL4020,7,2490
NJULGL7G0P20,7,2290
NJULNWFXAO20,7,2290
KGJ10,7,5746
MIDKP2020,7,18998.5
NJULQSZ2W920,7,674
KGVG05,7,756
NJUL0YUIP920,7,1030
NJULMWNDWY20,7,1535
NJUN0LQCGE20,7,1000
NJULYD7TMC20,7,990
CSRO89900210319H3J0,7,796.53
NFEBBNP0520,2,10814
NFEB9RFEL20,2,29900
NFEBYBDIT20,2,7180
NJANASCIY20,1,4680
NMARPM5YJ20,3,23900
NMARAIZ0A20,3,1290
NMAREA43J20,3,13400
NMARTKG3820,3,17400
NP4VCKU,4,1620
NPSQMY9,4,1620
NPISDAX,4,1610
NP0WFX1,4,1620
NAPRAHCMBF20,4,905
NP1K91G,4,1565
NPPHCTU,4,2032
NAPREMXVX20,4,695
NAPRKFSM220,4,695
NAPRUJV0DG20,4,4895
NAPRKLYZ7420,4,1050
NAPR125S5N20,4,810
NAPR3NW47Q20,4,1335
NAPR5TGS620,4,695
NAPR7PY9D20,4,1175
NAPR38HF2520,4,1165
NAPRCKR5KE20,4,1165
NAPRRMMF1Q20,4,1375
NAPR657ZFC20,4,810
NAPRF6IVIM20,4,810
NAPRVIQFBN20,4,810
NAPRZS80P20,4,600
NAPR94OA7520,4,690
NAPRY799O20,4,775
NAPRX49GL20,4,775
NAPRZTHT620,4,1590
NAPRDX6NR20,4,775
NAPRZURCX20,4,775
NAPRILVNL20,4,775
NAPRHM81520,4,775
NAPRTITNZ20,4,775
NAPR5BUVR20,4,775
NAPRJLR3W20,4,775
NAPR6I14920,4,775
NAPRTRAFTU20,4,990
DGB10,4,1650
NJUL3DUZE520,7,600
CSRS89900199406L90M,7,1775.25
NJUL9UZEKZ20,7,1000
NJULBCXVDQ20,7,910
CSRO89900228913AQ3Z,9,823.65
CSRO899002284014C7O,9,1051
NSEPNQJ9XI20,9,1340
NPYRSSH,6,2195
NP5BX0H,6,1705
NJUNNLI1DG20,6,1550
CSRO89900176753CFOQ,6,4457.95
NMAYD4Y4K20,5,1360
NMAYHR3UP20,5,1580
NAPRV7JGBE20,5,2555
NMAYHMPZY20,5,6380
NMAYUWSG620,5,880
NMAYEH32120,5,1500
NMAY9JK9Z20,5,1650
NMAYLAAIK20,5,1800
NMAY3PU6420,5,1645
NMAY8T9YN20,5,2670
NP8WS0L,4,1555
NAPRG6T3I20,4,800
WESALE20,4,500
NPSV3NC,4,850
NAPRYYXXBZ20,4,650
NAPRBM2QMF20,4,1400
NAPRYKK5PI20,4,880
NAPR316G2R20,4,2340
NAPRKJL0O20,4,610
NAPRC5ODMU20,4,640
NAPRHZTO6K20,4,600
NP05DC6,6,2695
NJUNH143IK20,6,840
NJUNHZWKCT20,6,960
NMAYN5EQ220,6,1015
NJUNRTIYNI20,6,1885
NJUNYF69H920,6,1645
NJUN4POEJL20,6,3510
NJUNTWUJO820,6,1545
NJUNKWTYZH20,6,600
NJUNOFUHOT20,6,2800
NJUN1VN0SA20,6,844
NJUNT8WCZH20,6,640
SUMMERHOME,6,7600
CSRO89900175311WBZX,6,22226.3
APR40ELE,6,10470
KPCITI20,6,17762
NMAY5A9SA20,6,15030
NJUNSMCFF420,6,2225
NJUNL42R5U20,6,1770
ELJAN40,6,2840
NJUN8MCVPM20,6,1685
NJUNEBUQS920,6,2040
NJUNIIEJG620,6,3560
NJUNX5PJ9820,6,2135
NJUNF2TPM220,6,2250
NJUNC3VI4G20,6,3995
NJUN69N96H20,6,2470
NJUNJAI16K20,6,1610
NJUNU4J3T920,6,1535
NJUNWZQSWW20,6,3360
NJUNOSD51Z20,6,1060
NJUNZYCF4420,6,2730
NP8QO3V,6,1820
NMAYC5GOU20,6,1990
NPV3YXV,6,1560
NJUNRCQSCG20,6,620
NJUNUHGRRY20,6,2790
NMAY4UNTS20,6,655
NJUN6QLL2N20,6,710
NMAYYO4SM20,6,659
NP192IX66,6,2329
NJUNDV0L8Z20,6,720
CSRO89900107663S0Y3,4,1955
NAPRQY4MXF20,4,640
NAPRT9GI9020,4,695
NPJXIQR,4,2950
NAPRILACT20,4,6990
NPTC96O,4,1740
NP3HLMA,4,2280
NAPRWUINE20,4,610
NAPR1NC6EY20,4,830
NAPR2DKELA20,4,1340
NAPRARPENM20,4,940
NAPRV50Q4320,4,1050
NP75D4R,4,1945
NAPRUOBPTM20,4,795
NAPRI2E27Y20,4,700
KGVG05,4,16182
KPBIGQ9,4,540
NAPRG22CA20,4,360
ELJAN40,4,360
NP6AE1R,4,1980
NAPRKEWJRV20,4,1240
NAPREMCGMA20,4,2720
NAPRZP8YPQ20,4,2310
NAPR692QRQ20,4,1240
NAPRTBG5W20,4,725
NPORL5V,4,1500
NPVCSYC,4,1720
NAPRM1L89A20,4,940
NAPROERXGF20,4,670
NAPR950TIN20,4,670
1212S85,4,597
NAPRIVNP020,4,1035
NAPRIPFJF20,4,6555
NAPRVAXMIF20,4,775
NPSPK4F,4,1670
NAPR81CSX20,4,1910
BSMAR10,4,220
NAPRJ7BTIR20,4,8550
NPKEMZ1,4,1640
NPVKNAX,5,4220
NMAY8I2Y920,5,630
NAPRANWNYD20,5,875
NPVYATX,5,1620
NMAY53VU520,5,2300
NMAYQ373520,5,1550
NMAYDYTSF20,5,12000
NMAYLS8RM20,5,2830
NMAY9FX9X20,5,1675
NMAYB9NEI20,5,1800
NMAYOUX7V20,5,1490
NMAYBBQXF20,5,1675
NMAYX58ON20,5,2175
NMAYY86AW20,5,2325
NMAYVBJ1I20,5,1605
NAPRR0Q64020,5,2040
NMAYM4G5U20,5,2175
NMAYLYI1W20,5,2820
NMAYGRWDW20,5,1910
NMAY8D6C420,5,1555
NMAYW6DMV20,5,1705
NMAY2TNHS20,5,1490
NMAY635Q420,5,1680
NMAYYM8W220,5,1760
CSRS89900128207NW1B,5,155
NMAYWP6IQ20,5,2300
NMAYBXR6W20,5,2200
NPMTUVZ,5,14990
NMAY3V9BW20,5,825
NMAY3GAVK20,5,600
NJUNO0WQHP20,6,1550
NJUNJN867Z20,6,2500
NJUNNBSXTI20,6,600
NJUNI9316L20,6,990
NJUNRUPJTX20,6,2490
NMAYKFODQ20,6,1795
NJUNB3JF3F20,6,1545
NJUNY9CEF820,6,1545
NJUNDFDJPI20,6,1190
NJUN053KBX20,6,600
NJUN3MEWOO20,6,3500
NJUN93F6P020,6,1140
NJUNFAQWCH20,6,2220
NJUN2XC3KH20,6,14500
NJUNYP080220,6,2820
NJUN2OGGHX20,6,2480
NJUNLWGZXU20,6,2325
NJUN4G1VY120,6,2200
NJUNTROEHN20,6,2840
NJUN00R4WZ20,6,4815
NJUNZH0VME20,6,6000
NMAYCBO8C20,6,2460
NJUNSIB9JI20,6,2480
NJUNLLAUC520,6,1435
NJUN1FXZ8P20,6,1800
NJUN977Z8N20,6,1385
NJUN9J30LH20,6,1770
NJUNCAEHFL20,6,2380
NJUNQFISOQ20,6,1550
NJUNP8D82S20,6,2570
NJUN9DDNJ220,6,1645
NJUNJ810K520,6,1425
NJUN2H2CH220,6,1760
NJUN70EJV420,6,2570
NJUNEPQL8520,6,1060
NJUNBNOMA520,6,1200
NJUNSUU8YN20,6,3880
CSRO89900185036O880,6,1729
NJUN3LOH5V20,6,4370
NMAY91GMZ20,6,4200
NMAYQ6QY620,6,1990
NJUNFYO3LS20,6,690
NJUNZ1MQ4120,6,690
NJUNWXUFNJ20,6,1480
NJUN615VNL20,6,14110
NJUNF7OIHI20,6,11500
NJUND6HNJD20,6,7999
NJUNK865ZW20,6,26800
NPCPFGC66,6,2165
NPRFGKA,6,2485
NPXZBNJ,6,1580
NAPREXU5IP20,4,750
NMARMFZ7P20,4,4400
NAPRUCJMW20,4,6900
NAPR2TQYZI20,4,1990
NPX6U3V,4,1560
NAPRR34LO20,4,1520
NP5VD93,4,2440
NP19V26,4,2990
NAPR409WM720,4,925
NAPRXWRI0U20,4,740
NPF36T0,4,2950
NPYX5BF,4,1520
NPMTNDO,4,1515
NAPR2TS4I20,4,7980
NAPRP3AC2X20,4,1800
NP092UA,4,3000
NPJHT0D,4,1990
NPO15R2,4,1790
NAPRJN60MZ20,4,6790
NP2U2Y6,4,11500
NAPR9QYKNS20,4,790
NAPRJZ4KQ20,4,1790
NAPREJAPZ20,4,990
NP8K7YD,4,1950
NAPRR7AK920,4,2680
KB20KP,4,540
NMAYF0CDH20,5,799
NMAY92IQ020,5,1630
NMAYQJQTI20,5,990
NMAYRIH6H20,5,710
NMAYVVEHR20,5,9150
NMAY6FYIG20,5,2250
NMAYKCW8X20,5,16060
NMAYYP8PR20,5,980
NPP6D6U,5,1630
NMAYN8UK420,5,2040
NAPRAZ1G7420,5,670
NMAYUF4OB20,5,850
NMAYL7D1K20,5,760
NAPRQLEGQ120,5,700
NAUGICE2UI20,8,1360
NAUGC3GJF220,8,1495
NAUG6Y9ZU920,8,2090
NAUGFFP3I320,8,990
NAUGQL3DLU20,8,1980
NAUGSWIJJZ20,8,2135
NAUG7TSC0Q20,8,1585
NJULS55GOJ20,8,7290
NAUGAEAYZX20,8,3390
NJULPLB04Y20,7,1645
NJUL5JFWU920,7,3510
NJULSV8OG220,7,1650
NJUL9E2INB20,7,1115
NJULTLUR1220,7,1645
NJULXLKO3520,7,1295
NJULY3AJHY20,7,1590
CSRO899001967871ZJ1,7,490.2
NJUL4TI49G20,7,3430
NJULOLD7P620,7,1490
NJUL86A16Y20,7,2320
NJULH4ILMW20,7,1610
NJULXUHOBD20,7,1040
CSRS899001896647CP8,7,1337.6
NJULXNCAGK20,7,2000
NJULBZZQ2Y20,7,1550
NJUNWFSDAI20,7,560
NJULYHCF9520,7,1150
NJULH1RUZB20,7,2320
NJULI35Q7G20,7,635
NJULUE17WG20,7,3315
NJULMR28CV20,7,1190
NJULCN2YMG20,7,1800
NJUNUEWNW420,7,800
NJUNFVYD0K20,7,2530
NJUL9PEKCP20,7,600
NJULK71H7J20,7,600
NJULKMYFQS20,7,1100
CSRS89900193707NT7R,7,676.88
NJULSVBPVZ20,7,880
NSEPUBY6V420,9,1405
NSEPHD38XY20,9,1190
NSEPOYUTU020,9,1340
NAUG77ZN9D20,8,500
CSRS89900076881ONEK,2,14808
NAPRZRGZU20,5,745
NAPRW53AJS20,5,610
NPO6XEA,5,1980
NPJS5KR,5,1700
NMAYOCL9K20,5,690
NMAYFS4KP20,5,670
NAUG1207VJ20,8,1690
NAUGB9VLMC20,8,1650
NAUGTD795820,8,2580
CSRO89900219063UNBB,8,851.91
CSRO89900217071AGGN,8,1344.54
KGJ20,8,670
CSRO89900221104HPIO,8,563.11
CSRO89900225873YOG6,8,4624.12
NAUG6MU2AO20,8,12100
NAUG5S9UKT20,8,635
NAUG9C1QI920,8,1060
NAUGHDLC2M20,8,2200
CSRO89900214494E6OT,8,990.38
NAUGNKIGJN20,8,690
NAUG4VNPGU20,8,780
NAUGNH0ZUD20,8,690
NAUGFIL6HW20,8,880
CSRS89900222726LOPC,8,98
NJULMSYMG620,7,1600
NJULXD0CM820,7,1545
NJULHR0S5E20,7,2190
NJULIKXO9J20,7,1090
ENLSUM20,7,890
NJULNQJ77N20,7,1390
NAPRPA34PP20,4,3260
NPHMQQ6,4,1750
NAPROS6AS320,4,650
NAPR92L1D20,4,4380
NJUN4LACJV20,6,2545
NJUN2KQI5020,6,2915
NJUNOVZE9W20,6,1210
NJUN7LUFFQ20,6,990
SCBKPQ220,6,399
NMAYMZEKN20,6,2510
NJUNRLISI920,6,2235
NJUNAZCK4L20,6,1435
NJUND9340H20,6,2390
NJUN4WHIC120,6,1010
NPTBHH3,6,1400
NJUN7D5ZRM20,6,690
NJUNKAC1BB20,6,840
NJUN9WVBAA20,6,5600
NP453XE66,6,2900
NAPRX8HW820,4,1660
NAPRZEGRZS20,4,5055
NAPRXWT0Q420,4,1375
NAPRZOY4Q220,4,1025
NAPR088WZ20,4,830
NAPRZ4SVT20,4,1160
NAPRM7LE020,4,1160
NAPR6TJVN20,4,1160
NAPRPXN9F20,4,810
NAPRMP5OC20,4,8420
NAPRFQF2120,4,760
NAPRKRMVVI20,4,1330
NAPR32QS8L20,4,1570
NAPR23TEMV20,4,1570
NAPRAGOP4R20,4,1350
NAPROOTRJH20,4,1160
NAPRJ4LFE20,4,910
NAPRWALX720,4,915
NAPR3SYV8C20,4,1825
NAPRY4LKN520,4,815
NAPR6MZ70P20,4,815
NAPRMDKR9T20,4,2005
NAPR9IY82E20,4,760
NAPRPZBUCQ20,4,915
NAPRKAXUSH20,4,1985
NAPRPQ3BGY20,4,815
NAPRNH3W0920,4,1160
NAPRN46PL720,4,1060
NAPR9TK7YH20,4,615
NAPRD49B4120,4,2200
NAPRFJ2H6Z20,4,885
NAPRAKQCYX20,4,1160
NAPRDNMFJ20,4,760
NAPRRKHRMR20,4,4385
NAPRIG5RP20,4,885
NAPR9KTPEJ20,4,1055
NAPRIMI1J20,4,1160
NAPR31992V20,4,810
NAPR0R5AP720,4,915
NAPRUBFDGC20,4,2400
NAPR4P3DA620,4,1035
NAPROFOPI820,4,1285
NAPRBGUJRU20,4,1115
NAPRZ3373N20,4,1860
JLQ20,4,865
NAPRUWPUF120,4,3610
NAPR8O99EF20,4,4985
NAPRRZHJLM20,4,4650
NAPR21OOJ520,4,2840
NAPR2EXKCJ20,4,1455
NAPRYJXHUM20,4,980
NAPR335KP20,4,2400
NAPRH5LEY20,4,1200
NAPRRT03P20,4,1200
NAPRVOBZF20,4,1200
NAPRQDNRZV20,4,1640
NAPRWXA1L20,4,7650
NAPRID9VG20,4,8720
NAPR5433620,4,1070
NAPR1TPOYJ20,4,3310
NAPR8LO9Y20,4,1260
NAPRT57K5L20,4,1445
NAPRJZJWFD20,4,1450
NAPR78LX1G20,4,1700
NAPRF9FV9Q20,4,8720
NAPR0N919020,4,1450
NAPRG1FO1620,4,1800
NJUNU5YASA20,6,5660
NJUNTHOB5720,6,990
NJUN75E2KX20,6,1090
NJUNE2YXZD20,6,640
NJUNKRG1FW20,6,625
CSRS393008,6,1904.75
FSHDEC30,6,1350
NPRKE5566,6,2380
CSRO89900174215DHKU,6,745
NJUNRNX37V20,6,660
NJUNYZ3MSJ20,6,675
NMAYMP72D20,5,600
NPSVSCR,5,3175
NMAYOAKIP20,5,960
NMAY9107S20,5,960
EDMN175LP9,5,3787.65
NMAYCQ77J20,5,1710
NMAYTZINU20,5,2215
NMAYZ2TTQ20,5,1360
NMAYBELLI20,5,3000
NMAYQWO3F20,5,12070
NMAY94TT120,5,2395
NAPROJ2HC20,5,8920
NMAYN9SU920,5,14610
NMAYG7PCT20,5,4480
NMAYKXXKG20,5,1460
NMAYLVE7P20,5,1645
NMAY0XLW220,5,1885
NMAYXSUMI20,5,1800
EDM30Z38GQ,5,2739.09
NMAY505M120,5,2000
NMAYUYQ4I20,5,2300
BDKP30,5,990
NPK5H2U,5,1884
NMAYU0AO020,5,540
NMAYZHRHZ20,5,1950
NMAYIN1NR20,5,1855
NMAY21NO320,5,4085
NMAYDAZ1R20,5,2905
NMAYNHX9C20,5,1870
NMAYE0KGO20,5,1385
NMAYVK6G920,5,2640
NMAYFLE9Z20,5,2040
EDMB7S683L,5,1971.96
NJULSSLQ3Z20,7,790
CSRO89900198098PDML,7,54.98
NFEB0RKET20,2,5714
NFEBJP2YS20,2,5714
NJANJGVIY20,2,13400
NFEB6JCQS20,2,16490
CTYKPC20,3,210
EJ15FEB,3,210
NMAR8DDRQ20,3,4680
ONTH1020,3,360
NP0X935,4,1620
NP2A6AZ,4,1525
NAPR66PEBQ20,4,715
NAPREFWP9220,4,810
NAPROUWWZ20,4,850
NAPR9DFSU20,4,775
NAPRQX8LW20,4,775
NAPR8I5RL20,4,775
NAPRLYU0520,4,680
NAPRSUR1J20,4,825
BESTPR50,4,3080
NAPR5ZEGS20,4,2880
NAPRS3U0B20,4,1160
NAPRJLE3S20,4,2200
NAPR4EYWP20,4,5120
NAPRCZEX620,4,2200
NAPR2UE5SD20,4,910
NAPRP3DDYV20,4,1160
NAPRLN9HT20,4,760
NAPRXHACO520,4,815
NAPRJQ1EVQ20,4,1160
NAPR4KFY020,4,915
NAPR6MVYTZ20,4,2200
NAPREKIQLG20,4,2230
NAPRUVTS7B20,4,1570
NAPRL973XL20,4,4305
NAPRFA7ADP20,4,2005
NAPRWKPG8920,4,1160
NAPRKP12HR20,4,1160
NAPRRF4G1J20,4,960
NMAY4IZQT20,5,2790
NMAYGPSL920,5,2750
NMAYG6C4920,5,2200
NMAY4NP9020,5,1580
NAPRR01QDX20,5,795
NPPOAB6,5,1560
NAPRA1UQB20,5,795
NMAY47SMQ20,5,645
CSRS89900107420W249,5,1292
NMAY19R0N20,5,840
NMAY6PCCK20,5,670
NMAYM70UU20,5,1535
NPQFMKT,5,1690
NPLXO0H,5,2180
NMAYI8OQK20,5,1490
NPQDNXF,5,1540
NMAY0QXDI20,5,960
NMAYAVU2520,5,1120
NMAYJMIXD20,5,1535
NMAYS2OV820,5,800
NMAYC3DD920,5,1800
NP9QWJO,5,2900
NMAYBTXU520,5,1800
NMAYPJGZR20,5,1400
NAPR5UZ8K820,5,2445
NMAYUKNYP20,5,4790
NMAY5W0A220,5,1020
NMAY19EJ020,5,2025
NAPROEETA820,5,1360
NMAYTISVS20,5,755
NMAYHD8SD20,5,3240
NMAYVC1E420,5,815
NMAYSIEZ120,5,555
NMAYDCN6K20,5,1515
NMAYSR5EX20,5,1270
NMAYKJA4Z20,5,1645
NMAY15QXW20,5,4010
NMAYA0OIK20,5,3825
NMAYDYFXS20,5,2855
NP8U6I4,5,1500
NMAYEIO4820,5,665
NMAYA17L520,5,6999
NPHDXXL,5,1540
CSRS89900103302KMWU,5,279
NMAYJTFEQ20,5,1835
NMAYJRX1I20,5,860
NMAY6CFA620,5,700
NAPRHGPOZW20,5,670
NMAYD9L4O20,5,600
NMAY07K0R20,5,1340
NMAYECWQX20,5,2720
NMAY4AP3220,5,1920
CSRS89900106149U86C,5,558
NMAYSZ7DP20,5,960
NP97V9D,5,1549
NJUN3FU7NZ20,6,600
NMAYA3XCQ20,6,600
NPYBCPH,6,1640
NMAY0JCTM20,6,620
NPYE1XR,5,2224
HELLOMAY,5,1484
NMAY2A18N20,5,960
EDMXPOXVSY,5,4219.19
EDMQD7O7HT,5,7788.34
EDM1TEI8JY,5,2834.32
EDM5NU555M,5,2305.41
NMAYM1RNF20,5,3789
NAPR85BG120,5,1555
NMAY6UZ9220,5,1660
NAUGHCL3WF20,8,1080
NAUG1XVTMZ20,8,2800
NAUGJYPG9620,8,1190
NAUGS0WXOT20,8,1990
NAUGD5YFLB20,8,1100
CSRS89900213496NG25,8,292.35
CSRO89900219842J1ZC,8,441.75
CSRO89900205882ZVLA,7,1233
NJULIH964H20,7,1890
NJULIVZNT920,7,1930
CSRO89900205661I3JT,7,3813
CSRS89900188050QRSV,7,5335
NAPREAN7SF20,4,1800
NAPR6XRGZ620,4,1650
NAPRRO03YP20,4,4010
NAPRVSA99G20,4,2045
NAPROVCJ8S20,4,1800
NAPRKQ6QO820,4,940
NAPRHZHG320,4,2690
NAPREU43U20,4,6610
NAPR6X1PU20,4,3090
NAPRSS6B820,4,2260
NAPR2916K20,4,2265
NAPR4VXC320,4,3090
NAPR804AM20,4,3320
NAPR6B60E20,4,1235
NAPR1XQ7520,4,2260
NAPR4CBOFA20,4,3300
NAPR5YRPR320,4,1575
NAPRPS0BXM20,4,1750
NAPRO16H1X20,4,1235
NAPR3OTCU20,4,1825
NAPRNB3DF20,4,935
NAPRH4099O20,4,1570
NAPRPWSBLQ20,4,1235
NAPRHDTZIC20,4,1950
NAPRN554I020,4,2500
NAPRNGS2T20,4,2560
NAPRTM16E320,4,4640
NAPRYJNZZZ20,4,1305
NAPRK4WVWH20,4,3230
NAPR3KER3020,4,1840
NAPRGST8ER20,4,1435
NAPRH017I20,4,1775
NAPRRX4CD220,4,570
NAPRGO5WMR20,4,1225
NAPRIJ0F3I20,4,1380
NAPR338E6K20,4,2400
NAPR3S19D20,4,1760
NAPRAWRL0E20,4,2620
NAPR1AX5N420,4,5200
NPASP4B,4,2500
NAPRGG16M20,4,6900
NAPREOUF820,4,1890
NAPRVRT2O920,4,1190
NAPROYQAZA20,4,1890
NAPRAS8DU20,4,750
NPEARAY,4,3680
NAPRP3X2DG20,4,995
NAPRKR8CA20,4,1025
NP54RX5,4,1584
ANTIS20,4,129
NPRK4PG,4,1500
NP1E49H,4,2440
NAPRDKZL420,4,1150
NPLULNX,4,1520
NAPR4ESBTF20,4,1150
NAPR1T0HK520,4,640
NAPRCCNZK520,4,795
NAPRF8DBLW20,4,6990
NPMNK5W,4,1525
NMAY1I2C320,5,1945
NMAYPRR8D20,5,5580
NPUA5NR,5,1770
CSRS89900107474KD4H,5,309
CSRS89900106988XCJ9,5,264.19
NMAY142MN20,5,7980
NPZBWNL,5,2485
NAPRS2HCIT20,5,790
NMAY6XDU320,5,3675
CSRO89900124676QNEQ,5,491.62
CSRS89900127351FM5E,5,465.02
CSRS89900141270NHD4,5,1765.25
CSRS89900142469IJQF,5,2161.25
CSRS89900134555JDPV,5,295
NMAYCJ9S620,5,780
NAPRE1JWL20,5,660
NPTI60W,5,1560
NAPRV0MEYK20,4,4790
NAPRBPP2HT20,4,555
NAPRT6DK5820,4,620
NAPRTKNXI20,4,1770
NAPR9K6NDI20,4,750
NAPR55ZGD20,4,2140
NAPRY035120,4,1450
NAPRF9LHDL20,4,3200
NAPRQXN78B20,4,1070
NAPRMPV5820,4,600
NAPR26A4020,4,640
DSI1D7M,4,765
NAPR7H0QA20,4,1685
NP98AJW,4,2400
NAPRK8BMB20,4,1200
NAPRB95YJQ20,4,610
NPIXI3M,4,1525
NPGMDO9,4,1519
NAPRAXKYC20,4,985
GLN20,6,1210
NJUNAHEZLJ20,6,990
NPGU51J,5,1630
NMAY9VJBY20,5,1630
NMAY0V0N820,5,670
NP135VI,4,1620
NAPRPFZQN20,4,175
NPZK5RS,4,1995
NAPRSZACHH20,4,780
NAPROW3CX820,4,3289
NAPRCWVVR20,4,3289
NAPR163BJ20,4,2690
NAPRS6KOA20,4,3090
NAPRARSID20,4,3320
NAPRSHDD820,4,1235
NAPRQ2K2B20,4,2690
NAPRPXR0S20,4,2690
NAPRINE5N20,4,2690
NAPR8OYY620,4,2690
NAPRI1M6020,4,2690
NAPRU472U20,4,2690
NAPR92UIZ20,4,3090
NAPR0M6E920,4,3090
NAPRDORMA20,4,3090
NAPR4GN9T20,4,1600
NAPRZ8HO120,4,1750
NAPR48UOSZ20,4,2425
NAPRQFFR6X20,4,1235
NAPRSKOE2J20,4,2155
NAPR2WYRRJ20,4,2065
NAPR4TY2K20,4,1235
NAPRWGNP7T20,4,1355
NAPRJNGIXJ20,4,1840
NAPRNS225F20,4,1710
NAPRKYHWD420,4,1975
NAPR4QJHMK20,4,1970
NAPRZIXZ8T20,4,1985
NAPRYXVKOO20,4,1235
NAPRC28VYD20,4,1235
NAPR81KRJR20,4,1235
NAPR2QVS8Z20,4,1355
NAPRG2P2S20,4,1185
NAPRTZQUN120,4,1515
NAPRV9VZ1420,4,1235
NAPRGQXOYA20,4,2225
NAPR02TJSS20,4,2500
NAPRP1E1SC20,4,1750
NAPRPUQV9R20,4,2260
NAPR614Y0720,4,3410
NAPRGY9R320,4,1600
NAPRGGL2OQ20,4,2325
NAPRJ0R98B20,4,2830
NAPRTK21P920,4,1775
NAPRHG4Z620,4,2175
NAPR0CYRA20,4,1135
NAPRRG4G020,4,3030
NAPRQ9SIBR20,4,2620
NAPR1DQV120,4,5500
NAPRIC5IO20,4,7980
NAPR2YLDB20,4,2880
NAPRHBYOV20,4,1160
NAPRDGQBR20,4,4590
NAPR0LWSKJ20,4,1485
NAPR5ETWZO20,4,620
CSRT8990009649938OK,4,1215
NAPR4LSLZZ20,4,1240
NAPRW4YB2K20,4,1360
NAPRS9XX320,4,1920
NAPRQNZOCQ20,4,1600
NAPRHADIFL20,4,1800
NAPRWFS25120,4,1445
NAUG2NOWML20,9,1800
NSEP7TSP8J20,9,4050
NSEP9E940H20,9,1630
NP8YQ6G,6,2485
NJUNODLBL320,6,13500
CSRS89900175052CMWY,6,3129
NJUNDR4IZ220,6,2100
NJUNYDQTJB20,6,3290
NJUNET7R9K20,6,23400
NJUNUHI35S20,6,1090
NJUN77W0U920,6,1090
CSRO89900175781M99L,6,1011
NJUN7I1O0B20,6,2730
NJUN4K9G5920,6,790
NJUNKFBVMI20,6,1295
CSRO89900163814ABL3,6,513
CSRO89900160981FB83,6,209.02
NJUNBZMISU20,6,1050
NJUNRGSJI620,6,1170
NJUNHV6QBS20,6,997
NMAYR19PM20,5,625
NMAY9B7KN20,5,2835
NMAYWGK0Y20,5,980
NMAY8ZJ8I20,5,1305
NMAYXWQ4E20,5,1060
CSRO89900183839HFQU,6,161.5
CSRO89900175323CJ1V,6,380
CSRO89900175347PGL9,6,3770.34
CSRO169905X,6,2108
NJUNJP7KLF20,6,1425
NSEPVEU5T720,9,690
NSEPYW3BBB20,9,3455
NAUG75D4AS20,9,16500
NSEPX6D9XO20,9,1590
NSEPUU2LHK20,9,1060
NSEPFVQ6VE20,9,1060
NSEPEKFKQ620,9,1060
NSEPWVPAVV20,9,10690
NSEPMI66FH20,9,1790
NSEPY4GRCM20,9,23300
NSEPEV65CF20,9,1190
NSEPI19EMC20,9,1190
NSEPM7QHXQ20,9,750
SWS3FOR15,9,9500
NSEPADHGGP20,9,800
NSEPM2IYI120,9,636
NSEPAST6ZA20,9,1160
BTM20,5,7078.4
CSRS89900080931J0MZ,5,8062
NMAYIO6O420,5,4625
CSRS89900153717C94C,8,52048
CSRS89900153692U9YI,8,104146
CSRS89900137896RNIM,7,4250
CSRS89900165186Y7HX,7,24951.8
NMAY398P620,5,615
EST315,5,131765
NSEPBAB5YZ20,9,775
NMAYZIZTD20,5,7600
NAPRLY88420,4,810
EST315,4,126494.4
CSRS89900094332WCAJ,5,8619
NMAY1PROX20,5,615
NMAYF0CKM20,5,615
NMAYCLYDT20,5,4400
NAPRDMSVTX20,5,2155
NMAYZID4K20,5,5040
NMAY9VPP620,5,1010
NMAYX10Y120,5,515
NMAY3993320,5,1565
NMAY2NH5W20,5,1925
NMAY0ALIS20,5,1645
NMAY3MYC520,5,1860
NMAYCXU7920,5,1405
NMAYKEYSA20,5,1945
NMAY0AFZ920,5,1735
NMAYAYC6620,5,1645
EDM545XG17,5,947.75
CSRS89900128934X8W7,5,385
NPIYA8C,5,3355
NMAYK405U20,5,679
NMAYQTGPW20,5,955
NMAYJVGN320,5,1060
NMAY4K7U620,5,699
CSRS89900102856ZFVR,5,1275.75
NPLLF8H,5,2950
NMAYQ693R20,5,740
NMAYUQLUB20,5,980
NMAY8IIGJ20,5,640
NMAYP2VJ320,5,1320
NMAY55EK320,5,26500
CSRS89900104500MTF2,5,238.55
CSRS89900105616MS3C,5,172.63
NMAYXGARM20,5,16605
NAPRUUB0C20,5,7980
NMAY0CIO420,5,1800
NMAYPR15E20,5,1800
NMAY1B90V20,5,6050
NMAYWT5FC20,5,16800
NPHFJMY,5,4490
NMAYWI5R420,5,1500
NMAY1HSWJ20,5,13900
NMAYCJ3N020,5,1090
NAPRQ0ZI820,5,790
NMAYM1OEV20,5,13790
NMAYIQUD220,5,7790
NMAY0GKKK20,5,1790
NMAYVOISV20,5,2690
NJANW4ZYZ20,1,3965
NJANFH2RE20,1,3505
NJANN1RIM20,1,5935
NAPR97D3820,4,2465
CSRS899000741644M2N,5,5935
CSRS89900076511MCUB,5,1748
NFEBK3GRJ20,2,4300
NFEB8DSOY20,2,3790
NFEBPURI420,2,3790
NJAND28QD20,2,5935
NFEBUGO5H20,2,5935
NFEBJ4NDO20,2,3540
CSRS899000776884164,3,6150
NJANT6ILS20,2,3785
NFEBLLHPD20,2,5650
NFEB11NY820,2,5935
NFEB44Z0920,2,3855
NFEB8BWAU20,2,5935
NJANIYQJW20,2,3940
NFEBD2AMK20,2,5935
NFEBLTGUD20,2,5935
NFEBUGZDQ20,2,5935
NFEBDG82920,2,5935
NFEB4ZZTM20,2,6695
NMARGF42820,3,7790
NMAR1IKGY20,3,6850
CSRS89900078789S35G,3,21327
NFEB7FYF020,2,3520
NMAR7AI6D20,3,4805
NAPRA609820,4,3390
NPKK3ZN,4,1965
NJULREE4FD20,7,3200
NAPR82CXW20,4,1800
NAPRC0BOI20,4,1800
NAPROJN6420,4,1800
CSRT89900100830BW4Q,4,5471
NAPRL1N0Z20,4,3515
NAPRDY2JNG20,4,680
NAPRZDJF420,4,16700
NPGUXF5,4,1990
NAPRWO1ZDK20,4,14300
NAPRCXWY620,4,2290
NAPR01HNQP20,4,1490
NAPR00ZKD020,4,690
NAPR1UBMO20,4,1800
NAPRI9EQ720,4,790
NAPRPP15Z20,4,790
NAPR44EQ720,4,790
NAPR4NUE4720,4,2290
NAPRR9KFK020,4,2290
NAPRD8XUKA20,4,3290
NAPRAEMX2320,4,790
NAPRIHVGZ20,4,2290
NAPR0EO6H120,4,3790
NAPRHIL1H920,4,790
NAPRZ42KEZ20,4,600
NAPRLWSDR620,4,1290
NAPRZAG2QJ20,4,1250
NAPRXGFLKK20,4,910
NAPR53IKMK20,4,1240
NAPRTHAHOA20,4,3380
SSP25ALL,4,920
NAPR39PAUN20,4,680
NP8IA79,4,1530
NAPRR0P0720,4,690
NAPR71UZDO20,4,1220
NAPRL5ZPI20,4,540
NP03277,4,2980
CSRO89900082978D4M8,4,24187
NAPRR2UNH20,4,997
NAPRFIN3RI20,4,670
NAPRAAJ5N120,4,745
NAUGZWQT8T20,8,1995
NAUGZ3ZE3T20,8,1590
NJULKEWJZH20,8,799
NJUL5TOABI20,7,1605
